policy_id,customer_id,policy_start_date,premium_amount,policy_type,claim_flag
POL-1,CUST-8042,2024-06-04,1318.34,Health,No
POL-2,CUST-5625,2023-08-25,6336.3,Auto,No
POL-3,CUST-4173,2024-08-08,1896.07,Auto,No
POL-4,CUST-1390,2024-09-08,2955.6,Property,No
POL-5,CUST-8665,2024-08-06,2246.23,Health,Yes
POL-6,CUST-2150,2023-10-04,1411.97,Life,No
POL-7,CUST-9828,2023-01-21,4012.5,Life,No
POL-8,CUST-9731,2023-08-09,2891.58,Life,No
POL-9,CUST-1241,2024-06-07,2057.79,Property,No
POL-10,CUST-4297,2023-08-02,2912.17,Life,Yes
POL-11,CUST-9978,2024-11-06,4421.29,Health,No
POL-12,CUST-2107,2023-02-13,6968.77,Auto,No
POL-13,CUST-1160,2024-01-12,5389.99,Auto,No
POL-14,CUST-3386,2024-10-11,4217.16,Life,No
POL-15,CUST-1939,2023-11-21,5492.63,Life,Yes
POL-16,CUST-9687,2023-06-19,5668.55,Property,No
POL-17,CUST-4074,2023-11-26,2659.1,Life,No
POL-18,CUST-2669,2023-05-29,573.58,Auto,No
POL-19,CUST-8228,2024-11-02,2229.31,Health,Yes
POL-20,CUST-6957,2024-05-10,6659.42,Health,No
POL-21,CUST-2439,2023-05-11,5292.5,Property,No
POL-22,CUST-3724,2024-09-12,3881.85,Health,Yes
POL-23,CUST-5649,2024-10-24,1103.69,Life,No
POL-24,CUST-3221,2024-09-16,4769.39,Life,Yes
POL-25,CUST-2192,2024-08-07,6089.01,Life,Yes
POL-26,CUST-3626,2024-03-05,1068.65,Property,Yes
POL-27,CUST-8949,2024-01-22,7828.46,Property,Yes
POL-28,CUST-5467,2023-10-14,5952.67,Auto,Yes
POL-29,CUST-7295,2024-07-30,6444.45,Property,No
POL-30,CUST-7763,2024-11-16,2215.77,Health,No
POL-31,CUST-7201,2023-01-26,4128.66,Health,No
POL-32,CUST-4836,2023-04-03,7476.91,Auto,Yes
POL-33,CUST-2605,2024-08-07,1739.67,Life,No
POL-34,CUST-7642,2024-04-16,5248.04,Health,No
POL-35,CUST-6003,2023-06-06,4440.92,Health,Yes
POL-36,CUST-9032,2024-01-01,738.64,Life,No
POL-37,CUST-9018,2023-03-29,1570.71,Property,No
POL-38,CUST-3192,2023-06-24,7656.62,Property,No
POL-39,CUST-7278,2024-06-24,4286.78,Property,Yes
POL-40,CUST-8951,2024-08-14,340.44,Life,No
POL-41,CUST-7602,2024-07-23,6297.99,Property,No
POL-42,CUST-3105,2023-07-08,4451.95,Property,No
POL-43,CUST-8655,2024-06-28,5917.39,Property,Yes
POL-44,CUST-8905,2023-06-28,436.75,Life,No
POL-45,CUST-6896,2024-12-06,5383.13,Health,No
POL-46,CUST-8268,2023-12-18,5724.07,Health,No
POL-47,CUST-6168,2023-12-20,7084.91,Life,No
POL-48,CUST-3892,2023-02-06,2730.11,Health,No
POL-49,CUST-7497,2024-06-27,5185.61,Health,No
POL-50,CUST-1202,2024-05-23,5281.33,Life,Yes
POL-51,CUST-4437,2023-06-03,5155.41,Life,No
POL-52,CUST-3412,2024-12-01,1377.67,Health,No
POL-53,CUST-8851,2024-05-22,1058.71,Health,Yes
POL-54,CUST-9677,2023-07-16,6913.1,Auto,No
POL-55,CUST-6205,2023-06-30,6952.69,Health,No
POL-56,CUST-7692,2023-02-18,4536.0,Health,No
POL-57,CUST-9417,2024-03-13,7824.38,Life,No
POL-58,CUST-2534,2023-10-30,4923.14,Life,No
POL-59,CUST-7873,2023-10-24,2796.87,Auto,No
POL-60,CUST-3631,2024-11-09,3177.35,Health,No
POL-61,CUST-8912,2024-05-17,2132.1,Property,No
POL-62,CUST-6831,2024-12-09,7004.51,Life,Yes
POL-63,CUST-5220,2024-11-18,6494.03,Life,No
POL-64,CUST-7794,2024-09-05,3862.64,Life,No
POL-65,CUST-9464,2024-05-24,3658.86,Life,Yes
POL-66,CUST-3141,2023-04-16,7081.1,Auto,Yes
POL-67,CUST-5155,2024-11-26,6615.91,Auto,Yes
POL-68,CUST-4710,2023-04-11,2129.91,Property,Yes
POL-69,CUST-4179,2024-03-29,4505.96,Auto,No
POL-70,CUST-9578,2023-03-04,990.41,Life,No
POL-71,CUST-7390,2024-01-21,6060.56,Property,No
POL-72,CUST-8561,2023-03-18,4085.77,Auto,No
POL-73,CUST-4649,2024-09-03,6882.47,Auto,No
POL-74,CUST-5649,2024-03-23,2670.31,Health,No
POL-75,CUST-6110,2023-03-03,5823.44,Life,No
POL-76,CUST-9917,2023-02-26,5761.83,Life,No
POL-77,CUST-7769,2024-05-19,6076.35,Life,No
POL-78,CUST-1585,2023-12-20,2758.56,Health,Yes
POL-79,CUST-8637,2023-01-26,1435.1,Health,No
POL-80,CUST-8255,2024-10-12,6608.6,Life,No
POL-81,CUST-7742,2024-01-02,6172.48,Auto,No
POL-82,CUST-1755,2024-07-12,6656.57,Auto,No
POL-83,CUST-2098,2024-03-26,7418.24,Auto,Yes
POL-84,CUST-6540,2023-01-08,2211.76,Property,No
POL-85,CUST-7520,2024-11-28,5243.8,Life,No
POL-86,CUST-2923,2023-12-18,3602.64,Health,No
POL-87,CUST-4153,2024-11-12,308.95,Auto,No
POL-88,CUST-2220,2024-08-29,1086.77,Health,No
POL-89,CUST-1302,2023-01-04,2625.21,Life,Yes
POL-90,CUST-4669,2024-06-25,259.74,Life,No
POL-91,CUST-5783,2023-12-26,7563.56,Auto,No
POL-92,CUST-9510,2023-09-17,3823.06,Health,No
POL-93,CUST-2360,2023-12-05,3550.66,Property,No
POL-94,CUST-6006,2023-11-03,7141.66,Health,No
POL-95,CUST-5996,2023-06-23,2543.85,Life,No
POL-96,CUST-2007,2023-12-17,7741.37,Life,No
POL-97,CUST-8307,2024-09-25,3994.66,Life,Yes
POL-98,CUST-6859,2023-11-24,462.85,Property,Yes
POL-99,CUST-9919,2023-02-14,5123.01,Property,No
POL-100,CUST-1685,2023-03-10,2885.26,Health,No
POL-101,CUST-3379,2024-03-05,6309.79,Auto,No
POL-102,CUST-9397,2024-08-25,6329.72,Auto,Yes
POL-103,CUST-3846,2023-01-13,2168.29,Health,Yes
POL-104,CUST-4817,2024-11-15,5000.0,Health,Yes
POL-105,CUST-6512,2024-05-08,887.02,Auto,Yes
POL-106,CUST-5904,2024-04-04,1060.45,Life,Yes
POL-107,CUST-9056,2024-07-08,7331.63,Property,No
POL-108,CUST-2295,2023-06-10,7528.05,Life,No
POL-109,CUST-6880,2023-04-28,3905.95,Life,Yes
POL-110,CUST-7915,2024-07-23,7389.53,Life,No
POL-111,CUST-8817,2024-01-14,1587.39,Auto,No
POL-112,CUST-5911,2023-08-07,4571.41,Health,No
POL-113,CUST-7841,2023-01-06,5769.87,Health,Yes
POL-114,CUST-9537,2024-02-09,963.57,Property,Yes
POL-115,CUST-6182,2023-12-05,1814.96,Property,No
POL-116,CUST-6362,2023-11-02,3707.01,Health,No
POL-117,CUST-1096,2023-12-22,270.23,Property,No
POL-118,CUST-1916,2024-07-04,1512.83,Property,No
POL-119,CUST-9370,2024-07-25,1892.5,Health,No
POL-120,CUST-1633,2024-09-27,5968.66,Life,Yes
POL-121,CUST-2125,2023-06-10,4524.14,Auto,Yes
POL-122,CUST-1142,2024-07-02,6499.29,Auto,No
POL-123,CUST-3713,2024-09-07,287.11,Health,No
POL-124,CUST-2778,2024-03-13,7342.56,Auto,No
POL-125,CUST-6960,2023-03-24,5294.78,Auto,No
POL-126,CUST-2120,2023-11-17,440.09,Property,No
POL-127,CUST-3587,2024-05-05,3945.4,Life,No
POL-128,CUST-8905,2023-12-29,6718.67,Health,No
POL-129,CUST-1155,2023-07-22,4096.07,Health,Yes
POL-130,CUST-8869,2024-03-17,1153.33,Auto,Yes
POL-131,CUST-7579,2023-12-20,3892.44,Auto,No
POL-132,CUST-4983,2024-08-26,6193.49,Auto,No
POL-133,CUST-3457,2023-02-08,1350.2,Health,Yes
POL-134,CUST-5884,2023-06-27,5307.57,Health,No
POL-135,CUST-5953,2023-07-20,5074.48,Property,No
POL-136,CUST-1570,2023-08-24,3096.74,Life,Yes
POL-137,CUST-1551,2023-03-23,216.94,Auto,No
POL-138,CUST-3045,2024-04-16,6130.91,Property,Yes
POL-139,CUST-1215,2024-07-14,6519.14,Auto,No
POL-140,CUST-7901,2023-10-26,6011.32,Life,Yes
POL-141,CUST-7773,2024-05-03,3618.11,Property,Yes
POL-142,CUST-4386,2024-09-05,7720.59,Property,No
POL-143,CUST-3052,2023-04-19,5933.9,Life,Yes
POL-144,CUST-9029,2024-11-25,2111.67,Health,Yes
POL-145,CUST-8905,2024-10-05,4275.23,Health,No
POL-146,CUST-8868,2024-10-24,2955.59,Health,Yes
POL-147,CUST-9152,2023-03-29,1089.21,Life,Yes
POL-148,CUST-7026,2024-08-07,827.65,Life,No
POL-149,CUST-9905,2023-09-13,1638.48,Property,Yes
POL-150,CUST-5195,2023-10-08,1270.0,Life,No
POL-151,CUST-3817,2023-01-28,877.32,Auto,Yes
POL-152,CUST-4975,2024-01-08,6914.69,Property,No
POL-153,CUST-4783,2024-05-19,6398.57,Auto,No
POL-154,CUST-7620,2024-02-12,2178.43,Property,No
POL-155,CUST-5019,2023-04-05,7945.15,Property,No
POL-156,CUST-6084,2023-04-04,2011.95,Health,No
POL-157,CUST-1908,2023-07-25,7537.82,Property,Yes
POL-158,CUST-1819,2024-05-07,2238.18,Property,Yes
POL-159,CUST-7635,2024-08-18,3013.98,Property,Yes
POL-160,CUST-3145,2024-12-01,2587.37,Health,No
POL-161,CUST-4533,2023-12-25,599.35,Life,No
POL-162,CUST-6689,2023-02-12,4961.81,Life,No
POL-163,CUST-1956,2024-02-16,297.03,Property,No
POL-164,CUST-3377,2023-09-25,2420.17,Health,Yes
POL-165,CUST-4562,2023-09-27,4108.6,Property,No
POL-166,CUST-9254,2023-03-18,4383.47,Property,No
POL-167,CUST-2714,2024-10-30,3283.21,Property,No
POL-168,CUST-4126,2024-02-17,7629.93,Property,Yes
POL-169,CUST-7757,2024-02-17,2544.63,Life,No
POL-170,CUST-8444,2024-08-17,7880.39,Life,No
POL-171,CUST-2396,2023-11-06,2012.87,Health,No
POL-172,CUST-7023,2024-10-24,1324.51,Auto,Yes
POL-173,CUST-2800,2023-06-01,6821.09,Property,Yes
POL-174,CUST-3307,2023-11-13,664.56,Property,No
POL-175,CUST-5261,2023-12-04,7186.0,Auto,Yes
POL-176,CUST-4811,2024-12-03,2379.27,Health,No
POL-177,CUST-2525,2023-12-19,2940.81,Auto,No
POL-178,CUST-3624,2024-01-02,5729.55,Property,No
POL-179,CUST-4307,2023-02-19,1712.8,Health,No
POL-180,CUST-5281,2023-03-30,7257.26,Health,No
POL-181,CUST-1119,2023-03-29,402.68,Health,No
POL-182,CUST-9116,2024-12-08,6197.26,Property,No
POL-183,CUST-8114,2023-02-22,3432.52,Life,No
POL-184,CUST-4996,2024-06-16,7936.46,Health,No
POL-185,CUST-7127,2024-02-06,7017.57,Property,No
POL-186,CUST-8280,2023-08-11,6688.76,Health,No
POL-187,CUST-7328,2024-01-31,4058.22,Health,Yes
POL-188,CUST-5805,2024-07-18,4688.9,Health,Yes
POL-189,CUST-8693,2023-04-25,6545.32,Life,No
POL-190,CUST-2885,2024-03-07,5739.32,Health,No
POL-191,CUST-7756,2023-06-18,4840.6,Health,No
POL-192,CUST-1700,2023-10-19,7817.68,Auto,No
POL-193,CUST-7422,2023-08-19,2467.15,Auto,No
POL-194,CUST-2149,2024-08-02,780.7,Life,No
POL-195,CUST-4347,2023-03-03,6787.42,Property,No
POL-196,CUST-5216,2024-12-26,5650.92,Life,No
POL-197,CUST-6287,2024-05-30,967.61,Auto,Yes
POL-198,CUST-3196,2024-05-11,4743.79,Life,No
POL-199,CUST-2046,2023-03-31,3050.02,Life,No
POL-200,CUST-5799,2023-05-22,5113.83,Auto,No
POL-201,CUST-2401,2024-01-03,2774.98,Auto,No
POL-202,CUST-4148,2024-06-09,7872.06,Auto,Yes
POL-203,CUST-8665,2024-11-11,2089.48,Auto,Yes
POL-204,CUST-6191,2024-10-14,3513.79,Life,Yes
POL-205,CUST-6882,2024-05-19,2674.29,Health,No
POL-206,CUST-8541,2023-03-06,4648.62,Health,Yes
POL-207,CUST-7557,2023-01-28,2659.29,Auto,Yes
POL-208,CUST-3919,2023-06-07,6815.08,Auto,No
POL-209,CUST-5717,2023-08-22,6266.24,Life,No
POL-210,CUST-5912,2024-03-23,5539.48,Health,Yes
POL-211,CUST-9487,2023-12-12,876.92,Property,No
POL-212,CUST-4874,2024-01-14,5500.88,Property,No
POL-213,CUST-7641,2024-08-09,5145.02,Property,No
POL-214,CUST-4209,2024-11-24,602.78,Life,No
POL-215,CUST-2503,2023-06-27,1694.6,Auto,No
POL-216,CUST-1993,2023-09-06,6577.49,Auto,No
POL-217,CUST-6857,2023-08-14,5670.41,Life,No
POL-218,CUST-4029,2023-12-15,7882.4,Health,Yes
POL-219,CUST-1311,2023-08-15,5804.67,Auto,Yes
POL-220,CUST-9012,2023-09-18,925.51,Auto,No
POL-221,CUST-5080,2024-06-17,2007.53,Health,No
POL-222,CUST-1818,2024-05-21,2642.18,Property,No
POL-223,CUST-9216,2023-09-21,2406.74,Property,No
POL-224,CUST-9156,2024-11-13,4818.87,Health,No
POL-225,CUST-7723,2024-10-19,2652.85,Life,No
POL-226,CUST-2048,2024-02-10,7153.79,Health,No
POL-227,CUST-2616,2023-03-18,547.64,Property,No
POL-228,CUST-8316,2023-05-23,3436.26,Life,No
POL-229,CUST-5488,2023-12-12,1100.93,Health,No
POL-230,CUST-1530,2024-03-25,1117.75,Auto,Yes
POL-231,CUST-1617,2023-01-17,4557.77,Auto,No
POL-232,CUST-5879,2024-10-10,3546.31,Property,Yes
POL-233,CUST-8592,2023-10-13,4265.17,Life,No
POL-234,CUST-6086,2024-05-05,2969.04,Life,No
POL-235,CUST-2055,2023-11-14,6164.31,Property,No
POL-236,CUST-7583,2023-02-03,1197.97,Property,No
POL-237,CUST-8717,2024-12-21,6194.95,Auto,No
POL-238,CUST-5256,2023-04-19,5888.97,Property,No
POL-239,CUST-6941,2023-05-05,6507.95,Auto,No
POL-240,CUST-1901,2023-09-02,3622.21,Health,Yes
POL-241,CUST-4344,2024-09-11,3495.78,Health,No
POL-242,CUST-6343,2024-01-03,6270.95,Health,No
POL-243,CUST-8844,2023-07-21,406.04,Auto,Yes
POL-244,CUST-7289,2023-12-24,812.74,Auto,No
POL-245,CUST-5819,2023-02-17,362.2,Life,No
POL-246,CUST-8979,2024-08-25,5023.68,Life,No
POL-247,CUST-5858,2024-12-08,830.74,Life,No
POL-248,CUST-8080,2023-12-09,3573.68,Auto,No
POL-249,CUST-9928,2023-06-06,6401.02,Life,Yes
POL-250,CUST-3962,2023-12-29,5813.73,Property,No
POL-251,CUST-3978,2024-04-18,543.06,Health,No
POL-252,CUST-5943,2024-06-07,1518.07,Auto,No
POL-253,CUST-2746,2024-11-25,7730.27,Auto,Yes
POL-254,CUST-1022,2024-06-12,3024.36,Property,No
POL-255,CUST-2525,2024-03-17,4286.35,Property,No
POL-256,CUST-4157,2024-11-28,3936.26,Property,Yes
POL-257,CUST-8788,2024-07-09,2533.39,Auto,No
POL-258,CUST-4152,2024-11-27,7307.47,Health,Yes
POL-259,CUST-6185,2023-10-28,2422.99,Property,No
POL-260,CUST-4425,2023-04-06,1434.45,Property,No
POL-261,CUST-2071,2023-06-13,3629.55,Health,Yes
POL-262,CUST-7081,2023-11-17,6089.25,Auto,No
POL-263,CUST-1820,2024-07-27,2617.14,Health,No
POL-264,CUST-4042,2023-07-04,1232.95,Life,No
POL-265,CUST-7467,2023-11-23,2616.52,Life,No
POL-266,CUST-6266,2024-07-18,2394.09,Life,No
POL-267,CUST-6269,2024-07-26,6979.82,Health,No
POL-268,CUST-5766,2023-10-15,5735.92,Auto,No
POL-269,CUST-1067,2023-11-04,1616.34,Auto,No
POL-270,CUST-8944,2024-03-28,2449.21,Health,No
POL-271,CUST-6039,2023-02-15,5568.18,Property,Yes
POL-272,CUST-6576,2024-03-22,6500.55,Life,Yes
POL-273,CUST-2531,2024-08-26,1630.93,Life,Yes
POL-274,CUST-7622,2024-01-27,354.58,Health,Yes
POL-275,CUST-1384,2024-10-20,3401.11,Life,Yes
POL-276,CUST-9161,2024-10-03,1784.46,Property,No
POL-277,CUST-5944,2023-06-08,7280.09,Life,Yes
POL-278,CUST-5728,2024-11-05,5533.7,Property,Yes
POL-279,CUST-4998,2023-07-25,3958.57,Auto,No
POL-280,CUST-8184,2024-12-01,7371.97,Auto,No
POL-281,CUST-7108,2024-09-14,6867.87,Property,No
POL-282,CUST-8162,2023-12-04,4308.59,Property,Yes
POL-283,CUST-4161,2024-08-21,2386.89,Health,No
POL-284,CUST-8026,2024-11-13,3300.07,Life,No
POL-285,CUST-9766,2024-08-04,5930.71,Property,No
POL-286,CUST-1000,2024-12-28,4778.77,Property,No
POL-287,CUST-6073,2024-05-04,7364.12,Property,Yes
POL-288,CUST-2835,2023-03-17,317.58,Health,No
POL-289,CUST-9968,2024-04-16,6698.03,Property,No
POL-290,CUST-2562,2024-01-27,2039.26,Auto,No
POL-291,CUST-2990,2024-11-06,2319.93,Property,No
POL-292,CUST-8455,2024-07-16,446.22,Auto,Yes
POL-293,CUST-4499,2024-02-18,3632.5,Property,Yes
POL-294,CUST-1316,2024-04-07,6845.0,Life,No
POL-295,CUST-3467,2023-12-29,806.75,Health,No
POL-296,CUST-3707,2024-05-28,2691.18,Property,No
POL-297,CUST-1046,2023-10-26,6932.12,Health,Yes
POL-298,CUST-4554,2024-11-08,6791.62,Health,Yes
POL-299,CUST-1338,2023-02-06,4422.06,Life,No
POL-300,CUST-3408,2023-01-25,499.48,Life,No
POL-301,CUST-3295,2023-09-05,1362.47,Health,No
POL-302,CUST-9357,2023-12-14,5122.95,Health,Yes
POL-303,CUST-5165,2024-06-06,2560.91,Property,Yes
POL-304,CUST-4129,2024-04-18,1239.97,Life,No
POL-305,CUST-2094,2023-04-26,4129.49,Life,Yes
POL-306,CUST-7585,2024-05-29,2646.14,Life,No
POL-307,CUST-8579,2024-11-17,7966.04,Property,No
POL-308,CUST-6635,2024-07-19,5324.89,Health,No
POL-309,CUST-3976,2023-11-11,5716.74,Health,No
POL-310,CUST-7275,2024-11-12,4247.05,Auto,Yes
POL-311,CUST-3008,2023-01-26,5354.47,Property,No
POL-312,CUST-4794,2024-04-12,1653.1,Life,No
POL-313,CUST-9389,2024-06-11,2432.99,Health,Yes
POL-314,CUST-9632,2024-01-27,2919.8,Auto,No
POL-315,CUST-3255,2023-01-14,972.68,Property,No
POL-316,CUST-2612,2023-04-18,811.28,Auto,No
POL-317,CUST-4020,2023-08-25,7279.34,Auto,No
POL-318,CUST-8594,2023-01-10,3738.4,Life,No
POL-319,CUST-3813,2023-10-17,739.1,Property,No
POL-320,CUST-8888,2024-02-10,7986.24,Life,No
POL-321,CUST-9438,2024-08-24,3698.54,Health,No
POL-322,CUST-9978,2023-04-20,3066.11,Auto,No
POL-323,CUST-6132,2023-12-08,2187.54,Property,No
POL-324,CUST-2046,2024-12-17,6332.37,Property,No
POL-325,CUST-9902,2023-05-18,6277.45,Property,No
POL-326,CUST-9918,2023-01-08,4810.8,Property,No
POL-327,CUST-7466,2024-12-17,5271.66,Health,No
POL-328,CUST-7858,2024-02-17,7924.17,Auto,No
POL-329,CUST-4341,2024-11-07,4653.41,Property,No
POL-330,CUST-1852,2023-01-29,2529.23,Auto,No
POL-331,CUST-6121,2024-12-10,5633.16,Health,Yes
POL-332,CUST-4134,2024-09-22,1431.35,Auto,No
POL-333,CUST-2050,2023-07-10,1916.73,Property,No
POL-334,CUST-2081,2024-12-21,5587.68,Auto,No
POL-335,CUST-7895,2023-02-07,304.25,Health,Yes
POL-336,CUST-1528,2024-09-23,7996.36,Health,Yes
POL-337,CUST-2119,2024-04-04,2603.98,Life,No
POL-338,CUST-8532,2024-05-19,7248.87,Life,No
POL-339,CUST-2202,2023-02-26,3892.24,Property,Yes
POL-340,CUST-5098,2023-07-21,4749.19,Life,Yes
POL-341,CUST-8673,2024-07-16,2025.76,Health,No
POL-342,CUST-2304,2023-08-14,3295.89,Health,Yes
POL-343,CUST-4092,2023-08-10,2993.0,Health,No
POL-344,CUST-9945,2024-03-21,6701.47,Life,Yes
POL-345,CUST-1642,2024-03-16,4692.04,Property,No
POL-346,CUST-2068,2023-02-26,3204.45,Life,No
POL-347,CUST-3564,2024-10-27,5600.82,Life,No
POL-348,CUST-2514,2024-10-20,1745.45,Auto,No
POL-349,CUST-6492,2024-09-28,4963.98,Auto,No
POL-350,CUST-3773,2024-10-14,3245.09,Life,Yes
POL-351,CUST-9460,2023-04-06,3458.46,Health,Yes
POL-352,CUST-5330,2024-02-23,3924.77,Life,No
POL-353,CUST-1709,2023-10-25,4667.08,Health,No
POL-354,CUST-8169,2024-02-21,4551.99,Life,No
POL-355,CUST-6882,2024-01-03,7459.19,Life,No
POL-356,CUST-9643,2023-03-19,546.56,Life,Yes
POL-357,CUST-3441,2023-04-25,5313.38,Health,Yes
POL-358,CUST-6694,2024-05-28,4888.37,Health,Yes
POL-359,CUST-5723,2024-02-03,6874.44,Life,Yes
POL-360,CUST-5094,2024-05-13,5349.95,Life,No
POL-361,CUST-9843,2023-04-03,5831.04,Auto,Yes
POL-362,CUST-7803,2024-10-31,7784.15,Life,No
POL-363,CUST-6298,2023-09-15,3028.76,Property,Yes
POL-364,CUST-6115,2023-09-21,1951.44,Property,No
POL-365,CUST-9847,2023-10-06,6890.81,Auto,Yes
POL-366,CUST-8179,2023-10-19,5383.27,Property,No
POL-367,CUST-1601,2024-05-30,4794.54,Health,No
POL-368,CUST-3473,2023-08-27,2632.08,Life,Yes
POL-369,CUST-8829,2023-01-30,6019.69,Property,No
POL-370,CUST-7041,2023-05-14,4736.01,Property,Yes
POL-371,CUST-8992,2023-03-21,2690.04,Auto,No
POL-372,CUST-2157,2024-02-09,5023.57,Auto,No
POL-373,CUST-6420,2024-07-23,1170.18,Life,No
POL-374,CUST-1032,2024-03-29,2245.82,Property,Yes
POL-375,CUST-3548,2024-12-03,5849.31,Health,Yes
POL-376,CUST-7712,2024-12-30,6490.84,Property,No
POL-377,CUST-6014,2023-05-16,2450.46,Auto,No
POL-378,CUST-3344,2024-12-07,6622.34,Auto,No
POL-379,CUST-3263,2024-12-01,1778.79,Property,No
POL-380,CUST-2082,2023-06-25,1072.73,Life,No
POL-381,CUST-4889,2023-12-14,324.5,Health,Yes
POL-382,CUST-9830,2024-05-30,3746.24,Life,No
POL-383,CUST-6806,2024-07-27,871.15,Property,No
POL-384,CUST-7889,2024-01-25,5457.23,Auto,Yes
POL-385,CUST-7078,2023-04-10,7921.23,Life,Yes
POL-386,CUST-1161,2024-10-02,7948.46,Health,No
POL-387,CUST-7450,2023-01-14,5344.01,Life,No
POL-388,CUST-7288,2024-10-06,4684.13,Auto,No
POL-389,CUST-9624,2023-08-30,5088.34,Auto,Yes
POL-390,CUST-3733,2023-04-10,5018.79,Auto,No
POL-391,CUST-2884,2023-02-24,4554.37,Auto,Yes
POL-392,CUST-7502,2023-05-23,2369.48,Auto,No
POL-393,CUST-3499,2023-02-16,293.84,Property,No
POL-394,CUST-3739,2024-05-02,4007.9,Property,No
POL-395,CUST-4350,2023-06-21,1393.99,Health,No
POL-396,CUST-7901,2024-03-25,4124.98,Health,Yes
POL-397,CUST-1496,2023-07-27,1788.67,Property,Yes
POL-398,CUST-7197,2024-01-25,7132.49,Health,Yes
POL-399,CUST-5506,2024-12-17,4401.75,Auto,Yes
POL-400,CUST-1026,2024-02-20,4877.37,Auto,No
POL-401,CUST-2011,2024-10-14,505.54,Health,Yes
POL-402,CUST-9521,2023-05-05,681.91,Property,No
POL-403,CUST-4457,2023-12-27,6352.32,Auto,Yes
POL-404,CUST-8504,2024-10-08,6281.93,Health,No
POL-405,CUST-7256,2023-05-02,1655.91,Property,No
POL-406,CUST-8937,2024-04-07,4104.92,Health,No
POL-407,CUST-2598,2024-01-16,3504.98,Life,Yes
POL-408,CUST-4947,2024-01-19,634.8,Life,No
POL-409,CUST-8941,2023-08-16,4792.43,Property,No
POL-410,CUST-7774,2024-09-25,4033.57,Life,No
POL-411,CUST-8831,2023-11-27,4364.23,Property,No
POL-412,CUST-2147,2023-11-29,4814.52,Health,No
POL-413,CUST-7222,2023-01-08,5072.16,Life,Yes
POL-414,CUST-4528,2024-12-12,3546.56,Auto,No
POL-415,CUST-3382,2023-05-02,588.95,Auto,No
POL-416,CUST-9573,2024-02-08,1399.92,Health,Yes
POL-417,CUST-4724,2024-04-07,4026.61,Health,No
POL-418,CUST-1209,2023-02-27,7819.59,Property,No
POL-419,CUST-5039,2023-04-23,5155.69,Life,No
POL-420,CUST-4856,2024-06-25,3727.34,Property,No
POL-421,CUST-8407,2024-07-25,7598.55,Life,No
POL-422,CUST-4225,2024-08-14,5825.58,Health,No
POL-423,CUST-9749,2024-11-14,216.14,Property,Yes
POL-424,CUST-2897,2024-12-09,3308.67,Health,Yes
POL-425,CUST-3814,2023-01-15,5194.21,Life,No
POL-426,CUST-2004,2023-08-27,3868.82,Auto,No
POL-427,CUST-7315,2023-05-15,2016.68,Life,Yes
POL-428,CUST-5390,2024-08-12,6635.53,Property,No
POL-429,CUST-1725,2023-12-23,3709.39,Auto,Yes
POL-430,CUST-7880,2023-12-28,3720.67,Auto,No
POL-431,CUST-5585,2023-05-13,1088.89,Life,No
POL-432,CUST-4984,2023-01-19,6311.11,Property,Yes
POL-433,CUST-3651,2024-01-23,6492.72,Health,No
POL-434,CUST-3609,2024-03-23,2247.99,Health,No
POL-435,CUST-2889,2024-06-11,3587.95,Auto,No
POL-436,CUST-9469,2024-01-13,3527.28,Auto,Yes
POL-437,CUST-9955,2024-11-22,6476.18,Auto,Yes
POL-438,CUST-7756,2023-11-13,2388.81,Life,No
POL-439,CUST-9271,2024-01-29,4604.22,Health,No
POL-440,CUST-8978,2023-07-30,3026.44,Life,Yes
POL-441,CUST-8289,2023-02-01,7368.16,Auto,No
POL-442,CUST-1291,2024-03-06,2791.35,Property,No
POL-443,CUST-8300,2023-03-24,5805.95,Property,No
POL-444,CUST-1111,2023-12-21,6238.03,Life,No
POL-445,CUST-8215,2023-04-30,5249.33,Property,No
POL-446,CUST-3919,2023-03-26,2956.89,Property,No
POL-447,CUST-7225,2024-06-01,7219.75,Property,No
POL-448,CUST-1146,2023-01-08,7466.76,Auto,No
POL-449,CUST-9926,2023-02-07,3976.01,Property,No
POL-450,CUST-4658,2023-05-13,2299.74,Property,No
POL-451,CUST-2419,2023-07-04,3823.03,Property,No
POL-452,CUST-9956,2024-08-21,2076.49,Property,No
POL-453,CUST-5347,2024-01-07,1935.45,Property,No
POL-454,CUST-3083,2024-04-03,4146.48,Auto,No
POL-455,CUST-8499,2023-06-24,7145.22,Property,No
POL-456,CUST-1277,2024-11-25,3140.49,Property,No
POL-457,CUST-7245,2024-01-12,4230.8,Health,No
POL-458,CUST-2863,2024-10-31,5264.43,Health,No
POL-459,CUST-7495,2024-02-07,380.9,Health,No
POL-460,CUST-3069,2023-06-10,2673.19,Health,No
POL-461,CUST-1829,2024-06-30,4189.78,Auto,No
POL-462,CUST-1047,2023-10-27,5302.43,Auto,Yes
POL-463,CUST-4575,2024-12-11,688.47,Health,No
POL-464,CUST-7328,2024-04-11,4411.77,Property,No
POL-465,CUST-9926,2024-03-20,466.15,Life,Yes
POL-466,CUST-7470,2023-10-18,6746.62,Auto,Yes
POL-467,CUST-3274,2024-06-07,338.15,Auto,No
POL-468,CUST-1846,2024-12-07,6253.42,Health,Yes
POL-469,CUST-8473,2024-09-03,1303.75,Property,Yes
POL-470,CUST-9358,2023-01-10,2317.86,Property,Yes
POL-471,CUST-6166,2024-06-08,1525.89,Auto,No
POL-472,CUST-8924,2023-02-16,3684.9,Life,No
POL-473,CUST-5845,2024-01-02,7129.86,Health,Yes
POL-474,CUST-4162,2023-08-27,5700.96,Health,No
POL-475,CUST-5086,2023-11-26,7532.85,Health,No
POL-476,CUST-4778,2023-06-15,5691.49,Property,Yes
POL-477,CUST-2693,2023-08-16,2350.57,Life,No
POL-478,CUST-5937,2023-04-11,7416.5,Life,No
POL-479,CUST-9606,2024-04-22,4297.37,Auto,No
POL-480,CUST-9847,2024-09-23,3890.24,Life,Yes
POL-481,CUST-6388,2024-08-10,6815.85,Property,No
POL-482,CUST-1204,2024-09-02,2273.65,Health,No
POL-483,CUST-7463,2024-11-05,2013.38,Health,No
POL-484,CUST-4683,2023-09-16,6267.74,Health,No
POL-485,CUST-6658,2024-07-03,2078.17,Life,No
POL-486,CUST-7714,2024-03-16,1111.49,Property,No
POL-487,CUST-5782,2023-04-06,3860.69,Health,No
POL-488,CUST-1751,2024-03-03,4775.44,Property,Yes
POL-489,CUST-9494,2024-12-12,4936.73,Life,No
POL-490,CUST-3546,2023-04-16,2849.16,Life,No
POL-491,CUST-7388,2024-08-16,7673.96,Health,No
POL-492,CUST-1134,2023-05-18,7507.68,Life,Yes
POL-493,CUST-3287,2024-06-20,7978.04,Property,Yes
POL-494,CUST-7650,2024-02-22,1425.12,Life,Yes
POL-495,CUST-9227,2024-09-03,790.35,Property,No
POL-496,CUST-7825,2023-05-22,2065.57,Property,Yes
POL-497,CUST-4938,2024-04-05,3897.0,Health,No
POL-498,CUST-7204,2023-11-24,3479.37,Health,No
POL-499,CUST-3915,2024-11-13,6624.44,Property,No
POL-500,CUST-4069,2024-01-31,1250.03,Auto,No
POL-501,CUST-5288,2024-11-30,3005.98,Property,No
POL-502,CUST-5670,2024-06-20,6110.11,Life,No
POL-503,CUST-6657,2023-03-25,7843.9,Life,No
POL-504,CUST-5473,2023-04-28,918.96,Life,No
POL-505,CUST-5334,2023-04-19,1694.64,Auto,No
POL-506,CUST-6137,2024-10-25,1321.39,Life,No
POL-507,CUST-1216,2023-01-24,6232.2,Property,No
POL-508,CUST-6952,2024-06-21,414.13,Health,No
POL-509,CUST-7560,2024-03-16,6964.52,Health,No
POL-510,CUST-2181,2024-10-28,4630.47,Auto,Yes
POL-511,CUST-2780,2024-09-03,6587.33,Property,Yes
POL-512,CUST-1158,2023-01-10,7156.54,Health,Yes
POL-513,CUST-1564,2024-11-29,6648.98,Health,No
POL-514,CUST-9582,2023-05-19,3916.94,Property,No
POL-515,CUST-4699,2023-08-07,6735.09,Property,No
POL-516,CUST-2399,2024-08-27,5178.28,Health,No
POL-517,CUST-6365,2023-05-12,2672.38,Health,Yes
POL-518,CUST-5663,2023-12-21,4811.67,Auto,Yes
POL-519,CUST-5675,2024-10-10,6064.47,Health,No
POL-520,CUST-7159,2023-04-21,5698.4,Health,No
POL-521,CUST-9527,2024-05-15,1704.78,Health,No
POL-522,CUST-9510,2023-09-12,5857.85,Auto,No
POL-523,CUST-2443,2024-11-24,657.89,Auto,No
POL-524,CUST-2147,2023-01-25,4538.44,Life,Yes
POL-525,CUST-2680,2023-12-11,7863.76,Property,Yes
POL-526,CUST-1982,2023-08-18,2893.32,Health,Yes
POL-527,CUST-9442,2023-10-04,7514.96,Auto,No
POL-528,CUST-7076,2023-08-12,3631.62,Health,No
POL-529,CUST-9664,2024-05-28,1178.94,Property,No
POL-530,CUST-4961,2024-04-25,1656.26,Property,No
POL-531,CUST-8468,2023-02-24,6347.78,Health,No
POL-532,CUST-4568,2023-06-04,4438.19,Property,Yes
POL-533,CUST-2800,2023-03-15,1130.98,Auto,Yes
POL-534,CUST-8276,2023-01-28,2788.56,Life,Yes
POL-535,CUST-1149,2024-11-12,7519.1,Health,No
POL-536,CUST-9374,2023-07-22,4467.73,Auto,Yes
POL-537,CUST-9546,2023-06-03,6513.5,Auto,No
POL-538,CUST-9037,2023-01-25,7166.79,Property,No
POL-539,CUST-7027,2023-03-04,6308.54,Life,No
POL-540,CUST-9446,2023-09-18,4304.58,Health,No
POL-541,CUST-6648,2024-08-02,3291.76,Health,No
POL-542,CUST-5852,2023-09-24,3311.94,Property,Yes
POL-543,CUST-1152,2024-07-07,6723.24,Life,No
POL-544,CUST-8215,2024-12-25,4230.47,Life,No
POL-545,CUST-4428,2023-02-02,5838.49,Life,No
POL-546,CUST-2521,2024-12-23,4579.52,Health,No
POL-547,CUST-8170,2023-02-18,4342.36,Property,No
POL-548,CUST-1246,2024-07-28,584.77,Auto,Yes
POL-549,CUST-7251,2023-06-25,3537.46,Life,Yes
POL-550,CUST-6395,2023-02-07,434.13,Property,No
POL-551,CUST-5415,2023-06-20,6619.75,Health,Yes
POL-552,CUST-5726,2023-08-24,6845.29,Property,No
POL-553,CUST-5102,2024-12-22,2241.87,Health,No
POL-554,CUST-6233,2024-05-06,5496.44,Health,No
POL-555,CUST-6518,2024-09-30,5876.43,Health,No
POL-556,CUST-9120,2024-10-26,5621.42,Property,No
POL-557,CUST-3960,2023-06-29,1333.94,Property,No
POL-558,CUST-1492,2024-08-15,4852.51,Life,No
POL-559,CUST-4583,2024-09-29,2500.42,Health,Yes
POL-560,CUST-3381,2024-10-20,6513.27,Life,Yes
POL-561,CUST-7847,2024-04-29,2765.5,Property,No
POL-562,CUST-6991,2023-06-21,1327.66,Life,Yes
POL-563,CUST-1224,2023-10-20,990.29,Life,No
POL-564,CUST-6973,2023-09-18,2032.35,Auto,No
POL-565,CUST-6402,2023-11-13,2923.12,Property,No
POL-566,CUST-2410,2023-07-08,1548.82,Health,No
POL-567,CUST-9366,2023-05-22,2791.16,Health,Yes
POL-568,CUST-2636,2024-06-28,3827.33,Auto,No
POL-569,CUST-8668,2024-06-24,1305.63,Life,No
POL-570,CUST-3529,2023-01-11,5805.08,Auto,Yes
POL-571,CUST-4585,2023-02-12,3267.77,Life,No
POL-572,CUST-5125,2023-03-29,5670.32,Property,No
POL-573,CUST-9416,2023-10-01,3168.65,Health,Yes
POL-574,CUST-7550,2023-01-30,2765.68,Life,No
POL-575,CUST-2422,2023-07-03,1880.39,Auto,No
POL-576,CUST-3042,2024-06-06,4666.24,Auto,No
POL-577,CUST-5177,2023-10-20,6069.79,Life,No
POL-578,CUST-7585,2023-05-13,6920.14,Auto,No
POL-579,CUST-5280,2023-05-10,962.04,Property,No
POL-580,CUST-7007,2024-08-30,2906.23,Auto,No
POL-581,CUST-5480,2023-01-03,6221.06,Auto,No
POL-582,CUST-5783,2024-10-04,5818.46,Auto,No
POL-583,CUST-1699,2023-09-03,7659.43,Auto,No
POL-584,CUST-9668,2024-02-07,6569.91,Auto,No
POL-585,CUST-2069,2023-03-27,4806.33,Life,No
POL-586,CUST-7020,2024-12-10,7095.01,Auto,No
POL-587,CUST-8689,2024-05-01,1940.15,Life,Yes
POL-588,CUST-6525,2023-11-11,3390.47,Life,No
POL-589,CUST-2777,2024-12-05,1557.76,Property,No
POL-590,CUST-4205,2023-10-21,1633.67,Property,No
POL-591,CUST-7856,2024-03-17,7857.11,Health,No
POL-592,CUST-6093,2023-04-12,4182.42,Auto,No
POL-593,CUST-8933,2023-10-26,6736.82,Life,No
POL-594,CUST-7120,2024-02-07,2560.57,Auto,Yes
POL-595,CUST-1196,2024-05-28,3977.07,Property,No
POL-596,CUST-4228,2024-04-12,7060.43,Property,Yes
POL-597,CUST-5734,2023-12-08,7549.25,Property,No
POL-598,CUST-7175,2023-01-15,7519.79,Life,Yes
POL-599,CUST-9287,2023-11-09,2698.77,Health,Yes
POL-600,CUST-8347,2023-08-12,3981.44,Health,No
POL-601,CUST-1974,2024-10-10,5973.58,Auto,No
POL-602,CUST-2787,2023-01-25,4531.5,Auto,No
POL-603,CUST-5726,2023-06-20,1855.68,Property,No
POL-604,CUST-8678,2024-01-10,705.68,Auto,No
POL-605,CUST-4462,2023-02-24,6594.8,Property,No
POL-606,CUST-4743,2023-03-13,3854.48,Life,No
POL-607,CUST-5612,2023-01-12,5792.15,Life,No
POL-608,CUST-1073,2024-05-04,7142.61,Property,No
POL-609,CUST-2277,2024-11-01,1533.7,Health,No
POL-610,CUST-1602,2023-11-11,7294.75,Auto,Yes
POL-611,CUST-6291,2024-11-13,2089.36,Auto,No
POL-612,CUST-9856,2024-10-26,1495.01,Property,No
POL-613,CUST-7698,2023-03-29,4558.5,Life,No
POL-614,CUST-7212,2023-04-29,1970.02,Life,No
POL-615,CUST-7131,2024-02-03,1486.39,Health,No
POL-616,CUST-1810,2024-02-08,2663.1,Life,No
POL-617,CUST-5689,2023-08-15,7025.99,Property,Yes
POL-618,CUST-8133,2024-02-19,236.71,Auto,No
POL-619,CUST-9345,2023-02-05,2958.35,Auto,No
POL-620,CUST-5068,2023-04-14,7303.76,Property,No
POL-621,CUST-6301,2024-09-18,7707.45,Life,No
POL-622,CUST-5958,2024-05-25,4324.8,Health,Yes
POL-623,CUST-6667,2023-07-03,5935.11,Auto,No
POL-624,CUST-3010,2023-07-21,7359.1,Auto,Yes
POL-625,CUST-9456,2024-03-18,242.8,Auto,No
POL-626,CUST-2236,2024-09-01,6057.25,Life,Yes
POL-627,CUST-9741,2023-07-14,6228.46,Health,No
POL-628,CUST-3189,2023-08-29,7037.12,Health,No
POL-629,CUST-9154,2023-06-25,390.54,Property,No
POL-630,CUST-9358,2024-07-08,3939.93,Life,No
POL-631,CUST-2126,2023-03-27,4385.77,Life,No
POL-632,CUST-3714,2024-01-03,3020.48,Life,No
POL-633,CUST-2047,2024-04-18,6280.11,Auto,Yes
POL-634,CUST-3730,2024-08-12,3970.74,Auto,Yes
POL-635,CUST-1029,2024-04-11,2076.22,Auto,Yes
POL-636,CUST-2575,2024-03-18,5457.02,Auto,No
POL-637,CUST-5045,2023-04-13,5296.95,Auto,No
POL-638,CUST-5203,2023-11-25,5486.1,Health,Yes
POL-639,CUST-2833,2024-08-19,4988.72,Health,No
POL-640,CUST-1754,2023-09-24,723.99,Health,No
POL-641,CUST-3531,2023-03-20,1366.17,Health,No
POL-642,CUST-9467,2023-06-27,7620.94,Property,Yes
POL-643,CUST-9522,2024-04-28,1408.82,Health,No
POL-644,CUST-7620,2023-04-02,841.63,Auto,No
POL-645,CUST-3184,2024-11-08,529.72,Life,No
POL-646,CUST-3678,2023-11-14,3441.47,Life,Yes
POL-647,CUST-5430,2023-03-20,3304.14,Property,No
POL-648,CUST-6933,2024-06-16,7727.87,Life,No
POL-649,CUST-3113,2024-06-21,1980.18,Property,No
POL-650,CUST-3732,2024-11-25,3120.99,Property,No
POL-651,CUST-7178,2024-02-03,4621.23,Health,Yes
POL-652,CUST-8575,2024-02-09,6103.68,Property,Yes
POL-653,CUST-3792,2023-01-02,894.45,Auto,No
POL-654,CUST-3446,2023-01-23,3993.64,Auto,No
POL-655,CUST-7041,2024-07-17,897.29,Life,Yes
POL-656,CUST-6402,2024-07-15,5242.52,Auto,No
POL-657,CUST-6157,2024-04-03,5633.5,Health,No
POL-658,CUST-4684,2023-05-16,876.01,Health,No
POL-659,CUST-9332,2024-10-13,6921.87,Health,No
POL-660,CUST-5930,2023-08-29,3542.94,Auto,Yes
POL-661,CUST-2020,2023-08-02,7531.32,Auto,No
POL-662,CUST-5196,2023-12-24,7336.87,Property,No
POL-663,CUST-4180,2023-07-06,433.13,Auto,No
POL-664,CUST-1046,2023-04-09,1400.58,Health,No
POL-665,CUST-2613,2023-08-05,2834.04,Health,No
POL-666,CUST-9145,2024-02-17,5716.57,Property,No
POL-667,CUST-3345,2023-07-07,6471.7,Property,No
POL-668,CUST-8561,2024-05-22,2973.65,Property,No
POL-669,CUST-5426,2024-03-26,5031.38,Life,No
POL-670,CUST-8938,2023-10-08,5056.97,Auto,No
POL-671,CUST-4837,2023-04-06,1943.02,Property,Yes
POL-672,CUST-4765,2023-09-11,3061.47,Life,No
POL-673,CUST-2938,2024-01-09,738.31,Auto,No
POL-674,CUST-1864,2023-05-23,3334.44,Life,No
POL-675,CUST-8127,2023-07-14,4847.13,Life,Yes
POL-676,CUST-6880,2023-02-21,4943.97,Health,No
POL-677,CUST-8113,2023-02-07,7759.04,Health,No
POL-678,CUST-4836,2023-01-03,3450.56,Property,No
POL-679,CUST-6286,2023-04-03,4051.34,Auto,No
POL-680,CUST-6841,2024-11-28,7285.54,Auto,Yes
POL-681,CUST-6452,2024-09-10,2468.54,Property,Yes
POL-682,CUST-3669,2024-05-21,580.96,Health,No
POL-683,CUST-7212,2024-11-26,3371.83,Property,No
POL-684,CUST-2542,2024-02-20,2918.35,Health,Yes
POL-685,CUST-9609,2024-07-16,7075.83,Life,No
POL-686,CUST-6186,2024-07-15,2040.13,Life,No
POL-687,CUST-9716,2023-10-05,763.16,Auto,No
POL-688,CUST-4322,2024-06-10,1021.23,Auto,No
POL-689,CUST-4496,2023-11-24,4002.05,Life,Yes
POL-690,CUST-7817,2023-05-12,765.91,Health,No
POL-691,CUST-6350,2024-07-24,6292.53,Health,No
POL-692,CUST-4732,2024-01-03,5332.67,Auto,No
POL-693,CUST-6142,2023-03-06,4624.44,Auto,No
POL-694,CUST-2904,2024-05-11,3424.5,Auto,Yes
POL-695,CUST-2308,2024-02-08,2453.34,Auto,Yes
POL-696,CUST-7822,2024-01-27,567.41,Property,No
POL-697,CUST-2979,2024-07-04,4385.28,Life,No
POL-698,CUST-4181,2024-03-18,5674.88,Health,Yes
POL-699,CUST-4644,2024-10-12,3129.1,Property,No
POL-700,CUST-4832,2023-01-23,4261.03,Health,Yes
POL-701,CUST-5679,2023-08-13,4582.86,Auto,Yes
POL-702,CUST-2552,2023-08-29,1259.17,Life,Yes
POL-703,CUST-5873,2023-01-05,7558.17,Property,No
POL-704,CUST-6878,2023-02-17,2769.5,Property,No
POL-705,CUST-8650,2023-04-29,2808.92,Health,No
POL-706,CUST-4801,2024-09-18,7982.98,Property,No
POL-707,CUST-2724,2024-01-12,5219.61,Auto,No
POL-708,CUST-8285,2023-07-01,4372.59,Health,No
POL-709,CUST-6063,2024-07-12,6983.65,Health,No
POL-710,CUST-3571,2024-08-26,2171.77,Life,No
POL-711,CUST-2817,2024-03-10,3166.6,Property,Yes
POL-712,CUST-7988,2023-01-14,7337.21,Auto,No
POL-713,CUST-6498,2024-07-20,4819.45,Auto,No
POL-714,CUST-7055,2024-09-03,4589.88,Life,No
POL-715,CUST-1738,2024-09-14,2850.6,Property,Yes
POL-716,CUST-1266,2023-02-20,7664.68,Health,Yes
POL-717,CUST-1596,2023-06-30,2645.73,Auto,Yes
POL-718,CUST-2921,2024-07-30,6895.14,Life,No
POL-719,CUST-8509,2023-01-20,4747.54,Health,No
POL-720,CUST-4742,2024-11-04,287.05,Auto,No
POL-721,CUST-9032,2023-09-07,3700.42,Auto,No
POL-722,CUST-6125,2024-07-02,3645.85,Health,No
POL-723,CUST-5443,2024-09-20,6669.81,Life,No
POL-724,CUST-2194,2023-10-21,4876.39,Property,Yes
POL-725,CUST-9222,2024-08-28,4657.52,Life,No
POL-726,CUST-8510,2023-12-16,6611.07,Health,No
POL-727,CUST-7373,2024-12-14,2987.19,Auto,No
POL-728,CUST-6531,2024-01-23,5232.15,Property,No
POL-729,CUST-9944,2024-02-22,7523.61,Property,No
POL-730,CUST-5995,2023-12-04,7502.3,Property,No
POL-731,CUST-8943,2023-06-30,6366.88,Health,Yes
POL-732,CUST-2706,2024-08-28,7742.95,Life,No
POL-733,CUST-4724,2024-03-06,4602.8,Health,Yes
POL-734,CUST-5412,2024-02-08,3339.32,Property,Yes
POL-735,CUST-7017,2023-12-27,4769.58,Health,No
POL-736,CUST-1876,2024-01-29,6245.39,Auto,No
POL-737,CUST-1232,2023-10-15,3711.83,Property,No
POL-738,CUST-1831,2023-03-28,2790.15,Auto,No
POL-739,CUST-8761,2023-07-30,1538.77,Auto,Yes
POL-740,CUST-9213,2023-10-29,7449.67,Life,Yes
POL-741,CUST-2160,2024-04-28,6483.09,Auto,No
POL-742,CUST-1315,2023-03-04,1591.73,Auto,No
POL-743,CUST-5470,2023-09-20,5957.49,Auto,No
POL-744,CUST-3338,2024-04-29,6512.15,Auto,No
POL-745,CUST-1123,2023-10-22,7014.57,Auto,No
POL-746,CUST-5760,2024-01-17,2375.44,Health,No
POL-747,CUST-1198,2023-03-24,4435.84,Life,No
POL-748,CUST-4344,2024-09-29,1645.44,Life,No
POL-749,CUST-2344,2023-10-03,3180.59,Auto,No
POL-750,CUST-6269,2023-03-03,2427.25,Life,No
POL-751,CUST-1576,2023-07-10,3111.09,Auto,No
POL-752,CUST-5375,2023-05-28,7852.7,Auto,No
POL-753,CUST-5194,2024-07-08,1085.38,Auto,No
POL-754,CUST-9765,2024-09-17,1506.99,Auto,No
POL-755,CUST-2550,2024-09-25,6132.73,Property,Yes
POL-756,CUST-7586,2023-12-03,1575.17,Life,No
POL-757,CUST-4995,2024-08-25,5732.69,Auto,Yes
POL-758,CUST-7785,2024-10-19,1574.84,Health,No
POL-759,CUST-9396,2024-10-22,4847.06,Property,Yes
POL-760,CUST-9163,2023-01-02,4843.99,Health,No
POL-761,CUST-4283,2024-12-27,2915.11,Life,Yes
POL-762,CUST-7718,2023-01-08,1470.88,Health,Yes
POL-763,CUST-6735,2023-10-06,6972.0,Health,Yes
POL-764,CUST-4765,2023-07-31,4168.86,Health,No
POL-765,CUST-4130,2024-10-02,1972.29,Life,Yes
POL-766,CUST-2457,2024-01-06,5733.13,Auto,No
POL-767,CUST-2522,2023-03-24,4779.18,Property,No
POL-768,CUST-9399,2023-07-11,5097.26,Property,Yes
POL-769,CUST-1860,2024-01-13,2066.22,Property,Yes
POL-770,CUST-4981,2024-09-20,7491.76,Property,No
POL-771,CUST-6907,2024-05-13,2397.4,Health,No
POL-772,CUST-7506,2024-05-01,1625.88,Property,Yes
POL-773,CUST-9700,2023-12-04,1869.96,Health,No
POL-774,CUST-6823,2023-07-01,1891.89,Property,No
POL-775,CUST-8356,2023-10-04,3825.87,Auto,No
POL-776,CUST-9590,2024-12-17,2022.06,Auto,Yes
POL-777,CUST-6090,2024-09-24,495.09,Life,Yes
POL-778,CUST-6130,2023-03-05,4425.06,Life,Yes
POL-779,CUST-1381,2023-10-22,2955.48,Property,No
POL-780,CUST-1079,2024-10-01,3673.57,Property,Yes
POL-781,CUST-3343,2023-06-22,1336.54,Life,Yes
POL-782,CUST-2820,2023-05-06,3677.07,Auto,Yes
POL-783,CUST-6199,2023-04-07,885.03,Health,No
POL-784,CUST-6794,2023-09-20,4899.68,Property,Yes
POL-785,CUST-5948,2024-06-14,5291.27,Life,No
POL-786,CUST-9787,2024-11-18,7611.23,Health,No
POL-787,CUST-6574,2023-06-06,2319.46,Life,Yes
POL-788,CUST-2189,2024-06-10,6237.98,Property,No
POL-789,CUST-6889,2023-01-22,4453.66,Property,No
POL-790,CUST-1612,2024-08-15,4632.35,Life,No
POL-791,CUST-9922,2023-08-22,968.55,Health,No
POL-792,CUST-2770,2024-07-24,6058.03,Health,No
POL-793,CUST-1403,2024-11-19,5435.35,Property,No
POL-794,CUST-9460,2023-10-26,3271.41,Property,Yes
POL-795,CUST-8715,2023-12-31,3603.69,Auto,Yes
POL-796,CUST-3644,2023-04-02,7438.37,Property,Yes
POL-797,CUST-4968,2024-04-18,5670.79,Auto,No
POL-798,CUST-7998,2023-05-13,1952.26,Life,No
POL-799,CUST-3118,2023-11-17,988.34,Property,No
POL-800,CUST-8992,2023-12-26,5246.3,Property,No
POL-801,CUST-2219,2023-06-09,3281.92,Property,No
POL-802,CUST-7288,2023-08-27,5061.76,Life,No
POL-803,CUST-3714,2024-02-03,1740.61,Health,Yes
POL-804,CUST-7276,2024-12-11,1433.22,Auto,No
POL-805,CUST-2529,2024-09-01,303.42,Health,No
POL-806,CUST-3432,2024-11-11,832.68,Property,No
POL-807,CUST-2959,2023-03-03,4426.93,Health,No
POL-808,CUST-1819,2023-08-12,843.26,Life,No
POL-809,CUST-5582,2024-08-12,5692.3,Property,No
POL-810,CUST-6633,2024-05-23,708.83,Property,Yes
POL-811,CUST-1034,2024-07-29,5818.1,Auto,No
POL-812,CUST-7348,2024-07-08,4079.42,Auto,Yes
POL-813,CUST-2589,2023-09-26,6311.32,Property,No
POL-814,CUST-6431,2024-07-29,2881.83,Auto,No
POL-815,CUST-4691,2023-11-13,3508.28,Life,No
POL-816,CUST-3007,2023-04-22,7868.64,Property,Yes
POL-817,CUST-6961,2024-12-07,299.05,Life,No
POL-818,CUST-8216,2024-07-13,5814.73,Life,No
POL-819,CUST-3440,2024-09-24,3156.29,Life,Yes
POL-820,CUST-3475,2023-10-13,992.37,Life,No
POL-821,CUST-3472,2024-01-22,1702.51,Property,Yes
POL-822,CUST-9748,2024-02-08,1285.76,Health,No
POL-823,CUST-2330,2024-10-17,4155.0,Health,Yes
POL-824,CUST-4369,2024-09-01,4260.35,Property,No
POL-825,CUST-6203,2023-09-15,2781.66,Auto,No
POL-826,CUST-3698,2024-06-19,7872.53,Property,No
POL-827,CUST-9809,2024-02-25,7563.15,Life,No
POL-828,CUST-1579,2024-05-16,4929.45,Health,No
POL-829,CUST-6519,2024-09-15,3994.76,Property,No
POL-830,CUST-5605,2024-08-17,946.69,Life,Yes
POL-831,CUST-2112,2024-10-11,697.26,Life,Yes
POL-832,CUST-2759,2023-06-07,2559.08,Life,No
POL-833,CUST-6472,2024-12-16,3383.66,Life,No
POL-834,CUST-5566,2024-11-09,1527.0,Property,No
POL-835,CUST-9291,2024-04-06,5168.9,Property,No
POL-836,CUST-7633,2024-10-20,534.21,Property,No
POL-837,CUST-3466,2024-03-13,1115.13,Health,No
POL-838,CUST-9864,2024-09-09,5868.07,Life,No
POL-839,CUST-5303,2023-07-18,4426.3,Auto,Yes
POL-840,CUST-9217,2023-08-12,1945.0,Life,Yes
POL-841,CUST-3020,2024-01-25,2300.63,Life,No
POL-842,CUST-5417,2023-07-24,7093.99,Auto,No
POL-843,CUST-8645,2023-03-24,5779.42,Auto,Yes
POL-844,CUST-9780,2023-04-05,4567.82,Health,No
POL-845,CUST-2309,2024-07-20,5205.94,Auto,No
POL-846,CUST-4973,2024-03-25,5161.97,Life,No
POL-847,CUST-4045,2024-04-17,6372.55,Health,No
POL-848,CUST-2715,2023-01-21,2258.78,Life,No
POL-849,CUST-9867,2024-09-18,3039.44,Health,No
POL-850,CUST-4456,2023-03-25,7379.16,Auto,Yes
POL-851,CUST-7273,2024-04-01,6578.06,Auto,No
POL-852,CUST-8958,2024-11-20,4021.43,Auto,No
POL-853,CUST-4126,2023-02-20,5299.3,Life,No
POL-854,CUST-2272,2023-11-23,4202.94,Auto,No
POL-855,CUST-5003,2023-07-12,4626.72,Health,No
POL-856,CUST-6074,2024-07-12,6243.32,Property,No
POL-857,CUST-4808,2023-12-31,3958.04,Property,Yes
POL-858,CUST-7908,2024-11-11,4266.49,Life,No
POL-859,CUST-5049,2023-12-16,5598.61,Health,No
POL-860,CUST-3539,2024-12-09,7933.69,Property,No
POL-861,CUST-3549,2023-05-03,1362.89,Health,No
POL-862,CUST-7118,2023-07-18,6158.89,Property,No
POL-863,CUST-4538,2023-05-18,6848.73,Health,No
POL-864,CUST-8015,2024-12-21,273.15,Health,No
POL-865,CUST-4341,2024-11-14,2593.52,Auto,Yes
POL-866,CUST-4778,2023-04-03,1539.32,Health,Yes
POL-867,CUST-8094,2023-01-28,3223.51,Property,No
POL-868,CUST-3137,2024-12-02,635.92,Health,Yes
POL-869,CUST-5054,2023-05-09,2843.85,Health,No
POL-870,CUST-1000,2024-07-16,6675.84,Auto,No
POL-871,CUST-2634,2023-09-15,4504.98,Auto,No
POL-872,CUST-8750,2023-01-14,1459.74,Auto,Yes
POL-873,CUST-3845,2024-12-18,867.76,Auto,No
POL-874,CUST-4877,2024-03-11,1499.37,Life,Yes
POL-875,CUST-4495,2024-11-08,3924.38,Auto,Yes
POL-876,CUST-5310,2024-11-29,3865.85,Life,No
POL-877,CUST-2794,2023-05-16,1483.06,Health,No
POL-878,CUST-7407,2024-01-08,7793.93,Health,No
POL-879,CUST-9890,2023-07-06,626.91,Auto,No
POL-880,CUST-9357,2023-06-02,6985.47,Auto,Yes
POL-881,CUST-7483,2023-07-28,1904.22,Property,No
POL-882,CUST-8089,2024-06-07,5873.09,Health,No
POL-883,CUST-6468,2024-04-16,3688.55,Auto,No
POL-884,CUST-9932,2023-06-11,5431.25,Property,Yes
POL-885,CUST-1642,2024-04-30,861.82,Property,No
POL-886,CUST-8499,2023-02-17,4215.98,Auto,No
POL-887,CUST-4527,2024-12-11,6633.2,Health,No
POL-888,CUST-2207,2024-07-21,4786.26,Property,No
POL-889,CUST-8213,2024-12-20,573.89,Health,No
POL-890,CUST-7002,2023-08-19,6330.5,Health,No
POL-891,CUST-9147,2023-11-14,1882.5,Auto,No
POL-892,CUST-3941,2023-09-12,1020.98,Life,No
POL-893,CUST-1184,2024-03-07,6138.95,Property,No
POL-894,CUST-8601,2024-07-20,1532.65,Life,Yes
POL-895,CUST-9803,2023-01-05,4622.99,Auto,No
POL-896,CUST-9414,2024-11-28,3198.36,Auto,Yes
POL-897,CUST-6986,2024-06-21,1456.76,Health,Yes
POL-898,CUST-1996,2023-08-01,4180.53,Health,No
POL-899,CUST-2004,2023-04-01,3291.5,Property,No
POL-900,CUST-8377,2024-01-15,4675.25,Property,No
POL-901,CUST-8762,2024-07-08,1404.54,Life,No
POL-902,CUST-1754,2023-03-25,1294.57,Auto,Yes
POL-903,CUST-7994,2023-12-16,6480.68,Auto,No
POL-904,CUST-6327,2024-05-03,3013.35,Property,No
POL-905,CUST-3867,2024-03-23,1865.29,Life,No
POL-906,CUST-8893,2024-08-02,7560.04,Health,Yes
POL-907,CUST-2819,2023-03-11,2639.4,Auto,No
POL-908,CUST-1139,2023-09-20,1834.06,Life,No
POL-909,CUST-5416,2023-06-13,610.97,Life,No
POL-910,CUST-9393,2023-03-31,7742.77,Auto,Yes
POL-911,CUST-5896,2024-04-26,6572.78,Auto,No
POL-912,CUST-4049,2023-01-19,7726.88,Health,Yes
POL-913,CUST-9955,2023-06-17,1576.85,Property,No
POL-914,CUST-1084,2023-04-14,5712.23,Life,No
POL-915,CUST-9267,2023-10-22,6445.65,Property,Yes
POL-916,CUST-9209,2024-03-07,7361.15,Property,No
POL-917,CUST-7149,2024-11-01,985.26,Life,No
POL-918,CUST-7005,2023-03-09,4490.06,Auto,No
POL-919,CUST-6186,2024-05-29,4327.78,Life,No
POL-920,CUST-6454,2024-01-23,2795.59,Property,No
POL-921,CUST-2034,2024-12-16,5954.12,Auto,No
POL-922,CUST-2902,2024-11-24,7622.2,Property,No
POL-923,CUST-6813,2023-09-15,7354.53,Property,No
POL-924,CUST-1883,2023-08-29,7345.81,Auto,No
POL-925,CUST-6546,2024-12-29,6135.47,Life,No
POL-926,CUST-9119,2023-11-04,5087.16,Health,No
POL-927,CUST-1086,2023-05-19,4947.33,Health,No
POL-928,CUST-9344,2024-04-16,2042.44,Health,Yes
POL-929,CUST-1937,2024-08-13,3347.9,Auto,No
POL-930,CUST-7530,2023-12-02,4483.08,Life,No
POL-931,CUST-2685,2023-03-14,4057.24,Auto,No
POL-932,CUST-5318,2024-06-09,3820.34,Auto,Yes
POL-933,CUST-7359,2023-10-27,4700.79,Life,No
POL-934,CUST-6248,2024-07-18,2012.31,Health,No
POL-935,CUST-9274,2023-01-25,6958.16,Health,No
POL-936,CUST-3477,2024-05-17,4940.04,Property,No
POL-937,CUST-9651,2023-11-14,5225.79,Property,No
POL-938,CUST-6571,2023-05-25,7395.88,Life,No
POL-939,CUST-5507,2024-11-16,7221.73,Property,Yes
POL-940,CUST-5133,2024-06-16,5875.03,Health,No
POL-941,CUST-3165,2024-08-28,3637.18,Health,No
POL-942,CUST-3515,2023-05-05,3153.67,Life,No
POL-943,CUST-2257,2023-03-14,3253.89,Health,No
POL-944,CUST-1336,2024-05-03,2916.03,Life,No
POL-945,CUST-1099,2024-08-28,7398.87,Auto,No
POL-946,CUST-3331,2024-12-19,3805.28,Life,No
POL-947,CUST-9610,2023-10-17,5168.32,Life,No
POL-948,CUST-1042,2023-11-04,7396.12,Life,No
POL-949,CUST-5912,2024-01-16,6257.91,Property,No
POL-950,CUST-1843,2023-07-26,6828.83,Property,No
POL-951,CUST-7800,2023-09-05,3416.94,Property,No
POL-952,CUST-8499,2023-02-05,5794.4,Health,No
POL-953,CUST-3080,2023-06-16,3341.08,Property,No
POL-954,CUST-5691,2023-02-12,5926.21,Auto,No
POL-955,CUST-1601,2023-04-26,7984.0,Auto,No
POL-956,CUST-3582,2023-08-29,4809.71,Auto,Yes
POL-957,CUST-5677,2023-07-25,7853.96,Auto,No
POL-958,CUST-9213,2023-07-31,644.98,Life,No
POL-959,CUST-8350,2024-02-22,3029.82,Life,Yes
POL-960,CUST-9227,2024-02-14,7771.37,Health,Yes
POL-961,CUST-4089,2023-03-25,771.54,Property,No
POL-962,CUST-8889,2024-01-29,5440.63,Property,Yes
POL-963,CUST-3404,2023-05-30,3257.58,Life,No
POL-964,CUST-8707,2023-12-27,4952.74,Auto,No
POL-965,CUST-7429,2023-12-08,5516.27,Health,Yes
POL-966,CUST-4837,2023-03-22,397.43,Life,Yes
POL-967,CUST-5511,2024-09-10,1582.95,Health,No
POL-968,CUST-4879,2024-11-21,5966.5,Life,No
POL-969,CUST-2014,2023-09-06,5674.33,Health,No
POL-970,CUST-5582,2023-05-30,6475.04,Property,No
POL-971,CUST-5495,2024-05-06,802.75,Auto,Yes
POL-972,CUST-3173,2023-11-27,871.16,Health,No
POL-973,CUST-8224,2024-10-22,4303.97,Auto,No
POL-974,CUST-8139,2023-03-06,2775.15,Auto,Yes
POL-975,CUST-7051,2024-03-09,6381.08,Property,No
POL-976,CUST-6755,2023-05-23,7527.44,Property,No
POL-977,CUST-2818,2024-07-07,5795.46,Life,Yes
POL-978,CUST-2067,2024-02-27,5036.74,Life,No
POL-979,CUST-4107,2024-08-21,5598.39,Health,Yes
POL-980,CUST-4537,2024-02-28,4118.16,Auto,No
POL-981,CUST-7552,2023-01-17,2998.99,Auto,No
POL-982,CUST-5974,2023-04-15,6004.5,Auto,No
POL-983,CUST-1554,2024-06-16,3683.15,Health,Yes
POL-984,CUST-6803,2023-07-30,3815.94,Property,No
POL-985,CUST-4056,2023-11-30,3284.23,Life,No
POL-986,CUST-5209,2024-08-08,7215.35,Life,No
POL-987,CUST-7258,2023-10-22,3452.29,Property,No
POL-988,CUST-4855,2024-03-11,7658.1,Auto,Yes
POL-989,CUST-9538,2024-03-13,2915.54,Property,No
POL-990,CUST-6137,2024-03-03,6476.44,Auto,No
POL-991,CUST-6613,2024-04-30,1568.84,Life,No
POL-992,CUST-1704,2024-10-01,6180.89,Health,No
POL-993,CUST-7401,2024-02-08,1290.69,Property,No
POL-994,CUST-6890,2023-12-22,4483.48,Property,No
POL-995,CUST-4374,2023-04-12,1775.05,Health,No
POL-996,CUST-9141,2023-02-14,4454.35,Health,No
POL-997,CUST-6598,2023-12-09,4167.58,Auto,No
POL-998,CUST-9791,2024-10-27,7704.97,Auto,No
POL-999,CUST-4425,2024-07-02,5610.78,Property,Yes
POL-1000,CUST-5322,2024-12-29,1502.58,Life,No
POL-1001,CUST-5038,2023-05-07,208.23,Life,No
POL-1002,CUST-5691,2024-04-09,2413.58,Life,Yes
POL-1003,CUST-3934,2023-03-14,7037.29,Life,Yes
POL-1004,CUST-8729,2023-09-04,4073.8,Auto,Yes
POL-1005,CUST-4276,2024-11-14,3455.24,Auto,No
POL-1006,CUST-9737,2024-04-18,5268.38,Property,Yes
POL-1007,CUST-2358,2023-12-21,2711.96,Health,No
POL-1008,CUST-9148,2024-04-12,7178.88,Life,No
POL-1009,CUST-7394,2024-10-28,2807.77,Auto,No
POL-1010,CUST-6368,2023-08-20,3263.37,Auto,Yes
POL-1011,CUST-6255,2024-08-12,4344.41,Property,Yes
POL-1012,CUST-9278,2024-05-27,1592.43,Life,No
POL-1013,CUST-6701,2024-02-04,6351.08,Auto,Yes
POL-1014,CUST-9263,2023-02-26,5818.12,Health,No
POL-1015,CUST-1719,2024-08-25,7438.65,Property,No
POL-1016,CUST-6579,2023-09-22,3915.57,Property,No
POL-1017,CUST-4802,2024-08-31,2576.87,Property,No
POL-1018,CUST-9375,2024-09-07,586.56,Auto,No
POL-1019,CUST-6709,2024-04-21,1726.09,Health,No
POL-1020,CUST-5172,2024-08-29,6989.23,Health,No
POL-1021,CUST-7358,2024-03-16,2402.95,Auto,Yes
POL-1022,CUST-8576,2024-09-30,2318.26,Health,No
POL-1023,CUST-9717,2024-09-05,2298.69,Property,No
POL-1024,CUST-2201,2024-12-25,577.38,Auto,No
POL-1025,CUST-1202,2023-09-20,5368.85,Property,No
POL-1026,CUST-6575,2024-07-17,2282.0,Property,Yes
POL-1027,CUST-8555,2024-08-13,286.25,Health,Yes
POL-1028,CUST-1093,2023-07-10,5442.54,Property,No
POL-1029,CUST-6761,2024-01-17,577.64,Health,Yes
POL-1030,CUST-9712,2023-10-16,5921.56,Property,Yes
POL-1031,CUST-3772,2024-07-09,7245.67,Auto,No
POL-1032,CUST-1613,2023-06-21,7297.92,Health,No
POL-1033,CUST-3968,2024-06-22,4394.5,Health,No
POL-1034,CUST-1555,2024-08-27,1821.52,Auto,Yes
POL-1035,CUST-4717,2023-03-16,5558.14,Property,No
POL-1036,CUST-6715,2023-03-27,6907.62,Property,No
POL-1037,CUST-2385,2023-10-13,2667.35,Health,Yes
POL-1038,CUST-2733,2024-07-07,4679.98,Life,No
POL-1039,CUST-3478,2024-09-03,1624.35,Property,Yes
POL-1040,CUST-3249,2024-12-22,6187.47,Property,Yes
POL-1041,CUST-1616,2023-09-08,496.63,Life,No
POL-1042,CUST-9906,2023-02-23,3976.39,Health,No
POL-1043,CUST-7940,2023-02-12,4740.69,Property,No
POL-1044,CUST-9972,2024-05-09,2369.47,Life,No
POL-1045,CUST-4652,2023-09-15,4623.65,Health,No
POL-1046,CUST-7623,2023-01-20,7862.2,Auto,No
POL-1047,CUST-4207,2024-10-22,3820.55,Life,No
POL-1048,CUST-2529,2023-06-29,7132.66,Auto,Yes
POL-1049,CUST-1960,2023-07-10,4429.45,Life,No
POL-1050,CUST-2281,2023-08-24,3759.59,Auto,Yes
POL-1051,CUST-5555,2024-04-29,3014.48,Life,No
POL-1052,CUST-2189,2024-10-30,2497.27,Auto,No
POL-1053,CUST-6096,2024-04-30,769.27,Health,Yes
POL-1054,CUST-8367,2023-03-24,3553.09,Property,No
POL-1055,CUST-9184,2024-06-24,5230.11,Health,Yes
POL-1056,CUST-2794,2023-11-07,6618.18,Life,Yes
POL-1057,CUST-3216,2023-06-04,7316.36,Auto,Yes
POL-1058,CUST-8358,2024-07-04,2892.61,Auto,No
POL-1059,CUST-7614,2023-08-09,4172.36,Property,No
POL-1060,CUST-5921,2024-09-03,6934.02,Health,No
POL-1061,CUST-7547,2024-08-20,4157.49,Property,No
POL-1062,CUST-5236,2023-09-14,5570.72,Life,Yes
POL-1063,CUST-9071,2024-06-13,7188.24,Health,Yes
POL-1064,CUST-4729,2023-02-26,2294.09,Auto,Yes
POL-1065,CUST-5922,2024-12-07,3774.41,Health,Yes
POL-1066,CUST-1083,2024-03-11,7710.71,Auto,No
POL-1067,CUST-9140,2023-05-31,4625.46,Auto,Yes
POL-1068,CUST-9553,2023-07-11,3871.4,Life,No
POL-1069,CUST-2158,2024-12-01,7746.1,Auto,Yes
POL-1070,CUST-5850,2024-11-27,2702.25,Auto,Yes
POL-1071,CUST-3937,2024-11-17,318.46,Auto,Yes
POL-1072,CUST-9807,2024-12-24,5929.83,Auto,No
POL-1073,CUST-5754,2023-07-09,4040.62,Property,No
POL-1074,CUST-5529,2024-09-17,5857.58,Property,No
POL-1075,CUST-5322,2023-12-06,7638.31,Property,No
POL-1076,CUST-5418,2023-08-03,7279.63,Life,No
POL-1077,CUST-3387,2024-07-14,1412.6,Health,Yes
POL-1078,CUST-4781,2024-05-01,1240.08,Health,No
POL-1079,CUST-9916,2023-08-30,563.66,Auto,No
POL-1080,CUST-4602,2024-09-25,3665.79,Health,Yes
POL-1081,CUST-5869,2023-04-23,398.07,Auto,No
POL-1082,CUST-6848,2023-08-05,5586.54,Health,No
POL-1083,CUST-6812,2024-02-15,961.62,Property,Yes
POL-1084,CUST-9480,2024-03-02,3361.36,Health,No
POL-1085,CUST-6987,2023-01-20,6125.16,Life,No
POL-1086,CUST-2623,2023-09-10,3299.35,Health,No
POL-1087,CUST-4662,2023-12-05,2885.66,Property,No
POL-1088,CUST-3030,2023-12-25,4765.13,Auto,No
POL-1089,CUST-3700,2024-01-26,5220.25,Property,No
POL-1090,CUST-8845,2023-02-22,3543.7,Auto,Yes
POL-1091,CUST-1718,2024-12-14,5941.78,Auto,No
POL-1092,CUST-4964,2023-01-03,2996.28,Health,No
POL-1093,CUST-8015,2024-11-23,3154.38,Auto,No
POL-1094,CUST-4162,2024-10-14,3386.56,Auto,No
POL-1095,CUST-7637,2023-10-02,3404.23,Property,No
POL-1096,CUST-2620,2024-12-30,6329.62,Auto,No
POL-1097,CUST-2467,2023-10-20,7442.91,Property,Yes
POL-1098,CUST-7484,2024-11-07,3693.45,Health,Yes
POL-1099,CUST-5835,2024-12-01,2786.37,Life,Yes
POL-1100,CUST-4045,2024-07-24,7321.59,Health,No
POL-1101,CUST-1509,2023-06-08,7368.91,Health,Yes
POL-1102,CUST-2440,2023-12-26,1811.31,Health,Yes
POL-1103,CUST-6229,2024-03-24,4160.75,Health,No
POL-1104,CUST-9906,2024-05-04,3376.2,Life,No
POL-1105,CUST-7937,2024-09-06,1296.04,Auto,Yes
POL-1106,CUST-3364,2023-09-10,4777.75,Life,Yes
POL-1107,CUST-7039,2023-02-20,1187.57,Life,No
POL-1108,CUST-8792,2023-04-30,7500.06,Health,No
POL-1109,CUST-2802,2023-06-13,459.81,Life,Yes
POL-1110,CUST-5644,2023-04-11,7184.24,Health,No
POL-1111,CUST-4463,2024-06-04,6288.78,Auto,No
POL-1112,CUST-9703,2023-04-22,7904.8,Property,Yes
POL-1113,CUST-5802,2023-07-18,303.97,Life,No
POL-1114,CUST-6792,2023-11-24,1043.87,Life,No
POL-1115,CUST-9866,2024-09-05,2720.06,Life,No
POL-1116,CUST-5219,2023-11-01,5602.41,Life,No
POL-1117,CUST-8325,2023-01-03,4420.16,Health,No
POL-1118,CUST-9111,2024-07-15,5759.42,Health,No
POL-1119,CUST-9817,2023-01-06,3183.76,Auto,No
POL-1120,CUST-7113,2023-01-15,5869.22,Auto,No
POL-1121,CUST-9039,2024-06-04,2143.1,Auto,No
POL-1122,CUST-9207,2023-03-22,5536.38,Auto,No
POL-1123,CUST-5380,2023-05-26,2703.55,Auto,No
POL-1124,CUST-2898,2023-09-24,1734.38,Property,No
POL-1125,CUST-6831,2024-02-03,624.73,Property,Yes
POL-1126,CUST-2185,2023-05-28,608.04,Auto,No
POL-1127,CUST-4934,2024-08-19,1799.6,Auto,Yes
POL-1128,CUST-9029,2024-04-02,5743.73,Property,No
POL-1129,CUST-8992,2024-11-24,6689.16,Life,No
POL-1130,CUST-1150,2023-01-06,5022.91,Property,No
POL-1131,CUST-8494,2024-10-06,2619.88,Health,Yes
POL-1132,CUST-9609,2023-06-03,7278.05,Property,Yes
POL-1133,CUST-9564,2023-03-12,6741.68,Property,Yes
POL-1134,CUST-5316,2023-06-08,1536.37,Health,No
POL-1135,CUST-5489,2023-09-11,7740.75,Auto,No
POL-1136,CUST-4671,2023-12-29,5655.15,Property,No
POL-1137,CUST-6101,2024-01-09,834.9,Life,No
POL-1138,CUST-4690,2023-03-29,4887.29,Life,No
POL-1139,CUST-5385,2024-07-06,7352.89,Life,No
POL-1140,CUST-5820,2023-01-12,445.93,Health,No
POL-1141,CUST-1390,2023-02-24,2903.41,Life,No
POL-1142,CUST-4997,2023-05-31,2103.91,Auto,No
POL-1143,CUST-4375,2024-05-25,5636.95,Health,No
POL-1144,CUST-5065,2023-03-12,1971.63,Life,No
POL-1145,CUST-2690,2023-08-16,2547.54,Property,No
POL-1146,CUST-6516,2024-12-24,2576.46,Health,No
