claim_id,patient_id,service_date,claim_amount,provider,diagnosis
CL-1,PAT-7109,2023-03-14,12952.81,Clinic,Cardio
CL-2,PAT-4150,2023-09-05,11097.68,Hospital,Ortho
CL-3,PAT-8723,2024-04-14,13071.11,Lab,General
CL-4,PAT-6009,2023-05-09,10759.57,Clinic,Cardio
CL-5,PAT-8369,2024-09-20,2613.79,Hospital,Ortho
CL-6,PAT-4223,2024-10-14,7306.8,Lab,Neuro
CL-7,PAT-9447,2024-08-25,3857.09,Lab,Cardio
CL-8,PAT-4411,2023-03-17,1687.05,Clinic,Cardio
CL-9,PAT-4392,2024-10-23,679.66,Lab,Cardio
CL-10,PAT-8843,2023-07-01,5912.16,Clinic,Ortho
CL-11,PAT-7314,2024-10-06,6314.94,Clinic,Neuro
CL-12,PAT-5146,2024-08-06,729.43,Lab,Cardio
CL-13,PAT-4389,2023-08-04,7115.57,Clinic,Ortho
CL-14,PAT-7233,2024-02-26,3104.31,Lab,Ortho
CL-15,PAT-8461,2024-05-25,9882.01,Lab,Cardio
CL-16,PAT-5451,2024-09-08,5419.58,Lab,General
CL-17,PAT-1583,2023-04-27,14133.75,Lab,Neuro
CL-18,PAT-1119,2023-08-01,1232.37,Clinic,Neuro
CL-19,PAT-5459,2024-03-21,3037.22,Clinic,Ortho
CL-20,PAT-2929,2023-08-13,9610.03,Clinic,General
CL-21,PAT-1901,2023-07-05,2151.52,Hospital,Neuro
CL-22,PAT-9933,2024-04-26,1525.72,Hospital,Ortho
CL-23,PAT-5011,2023-06-30,14936.35,Lab,Cardio
CL-24,PAT-5523,2023-11-27,3230.11,Clinic,Neuro
CL-25,PAT-8400,2023-12-20,1787.13,Hospital,General
CL-26,PAT-3044,2024-06-09,11304.86,Lab,Ortho
CL-27,PAT-6010,2024-11-11,10063.04,Lab,Neuro
CL-28,PAT-2575,2024-08-02,14856.1,Clinic,Neuro
CL-29,PAT-9555,2023-06-01,1291.3,Clinic,Cardio
CL-30,PAT-6588,2024-02-14,6510.67,Hospital,Ortho
CL-31,PAT-5827,2024-01-20,10591.7,Clinic,Ortho
CL-32,PAT-6386,2023-08-23,5350.69,Clinic,Cardio
CL-33,PAT-9887,2024-06-05,940.03,Lab,General
CL-34,PAT-7796,2024-06-17,6846.31,Hospital,General
CL-35,PAT-9844,2024-07-03,3752.53,Clinic,Cardio
CL-36,PAT-7228,2024-02-21,2491.5,Clinic,Cardio
CL-37,PAT-5193,2024-06-25,5080.69,Lab,Ortho
CL-38,PAT-8958,2023-07-20,3232.08,Clinic,Neuro
CL-39,PAT-6606,2023-08-16,2118.15,Lab,Ortho
CL-40,PAT-3412,2023-01-24,275.52,Hospital,Ortho
CL-41,PAT-8958,2024-12-18,8139.3,Clinic,General
CL-42,PAT-4351,2024-04-05,8345.68,Hospital,Neuro
CL-43,PAT-1071,2023-06-29,8737.96,Lab,Cardio
CL-44,PAT-2928,2023-06-03,11571.61,Lab,General
CL-45,PAT-4311,2024-10-05,12408.7,Clinic,Ortho
CL-46,PAT-9428,2023-05-18,327.86,Clinic,General
CL-47,PAT-3437,2023-12-30,14952.01,Lab,Cardio
CL-48,PAT-1600,2024-05-29,8323.23,Clinic,Ortho
CL-49,PAT-3485,2023-08-19,4671.05,Clinic,Neuro
CL-50,PAT-7538,2023-04-24,1116.91,Clinic,General
CL-51,PAT-2616,2023-09-03,12806.78,Hospital,Cardio
CL-52,PAT-6733,2023-10-04,7722.66,Clinic,Ortho
CL-53,PAT-3537,2023-08-03,3546.1,Clinic,Neuro
CL-54,PAT-9021,2023-02-21,7531.65,Lab,Cardio
CL-55,PAT-7486,2024-12-11,13346.17,Hospital,Neuro
CL-56,PAT-8368,2023-03-05,6405.59,Lab,Cardio
CL-57,PAT-6621,2024-09-27,11111.57,Clinic,Ortho
CL-58,PAT-1174,2023-02-02,3362.54,Hospital,Ortho
CL-59,PAT-9759,2023-11-19,11110.07,Hospital,Cardio
CL-60,PAT-8707,2024-09-07,4682.38,Lab,General
CL-61,PAT-2474,2023-05-05,4526.48,Clinic,Neuro
CL-62,PAT-3673,2024-06-10,8110.79,Clinic,Ortho
CL-63,PAT-9953,2024-10-18,12240.29,Hospital,Ortho
CL-64,PAT-7866,2023-05-14,1267.21,Hospital,Cardio
CL-65,PAT-3039,2023-04-03,7350.05,Lab,General
CL-66,PAT-3591,2023-07-07,13093.6,Hospital,Neuro
CL-67,PAT-1244,2023-07-02,9903.61,Clinic,General
CL-68,PAT-2778,2023-06-16,2553.95,Lab,Neuro
CL-69,PAT-6906,2024-07-29,14585.45,Hospital,Neuro
CL-70,PAT-9641,2024-05-15,5780.95,Lab,Ortho
CL-71,PAT-8393,2024-08-30,7979.32,Hospital,Ortho
CL-72,PAT-9260,2024-02-19,4856.31,Clinic,Ortho
CL-73,PAT-4191,2023-02-17,4156.89,Hospital,Ortho
CL-74,PAT-1376,2024-01-20,9297.38,Clinic,Ortho
CL-75,PAT-1204,2023-03-06,5953.53,Lab,Ortho
CL-76,PAT-5420,2024-01-13,1367.38,Hospital,Neuro
CL-77,PAT-4417,2024-12-04,8506.73,Lab,Neuro
CL-78,PAT-7064,2024-11-10,9906.53,Hospital,Cardio
CL-79,PAT-8430,2024-03-21,2326.16,Lab,General
CL-80,PAT-9448,2023-12-27,10433.22,Clinic,Neuro
CL-81,PAT-4522,2023-11-20,14972.46,Lab,Ortho
CL-82,PAT-4548,2023-07-12,8857.73,Lab,Neuro
CL-83,PAT-1905,2023-08-09,3473.22,Lab,Cardio
CL-84,PAT-2088,2023-06-18,6454.55,Clinic,Cardio
CL-85,PAT-1331,2023-07-07,13700.61,Clinic,Cardio
CL-86,PAT-7385,2024-09-02,13551.04,Lab,Ortho
CL-87,PAT-8316,2023-11-07,1182.06,Clinic,General
CL-88,PAT-5216,2023-01-26,3235.45,Lab,Cardio
CL-89,PAT-9214,2024-11-11,13608.67,Lab,Neuro
CL-90,PAT-5864,2023-04-30,5770.61,Hospital,Neuro
CL-91,PAT-6271,2024-08-20,13939.23,Lab,Ortho
CL-92,PAT-9191,2023-11-11,3309.26,Clinic,General
CL-93,PAT-6048,2023-10-03,5090.91,Lab,Cardio
CL-94,PAT-2841,2023-12-04,11021.09,Lab,General
CL-95,PAT-6675,2023-11-02,5672.42,Clinic,Cardio
CL-96,PAT-8265,2024-04-22,13005.3,Lab,Cardio
CL-97,PAT-8735,2023-09-12,10520.75,Lab,Cardio
CL-98,PAT-3563,2024-04-08,14014.86,Lab,Neuro
CL-99,PAT-7087,2024-10-10,14093.08,Hospital,General
CL-100,PAT-2881,2023-07-14,14902.74,Lab,Cardio
CL-101,PAT-4843,2023-05-19,12491.22,Clinic,Cardio
CL-102,PAT-3531,2024-01-22,8234.99,Clinic,Ortho
CL-103,PAT-3279,2024-06-22,2887.19,Clinic,Ortho
CL-104,PAT-6556,2023-06-04,4478.64,Clinic,Ortho
CL-105,PAT-7727,2023-04-01,13406.69,Hospital,General
CL-106,PAT-8109,2024-08-18,781.33,Lab,General
CL-107,PAT-8474,2023-12-30,1691.49,Clinic,Ortho
CL-108,PAT-6574,2024-02-03,10901.93,Clinic,General
CL-109,PAT-5225,2023-06-08,8007.71,Lab,Neuro
CL-110,PAT-3136,2023-11-28,7770.96,Clinic,Neuro
CL-111,PAT-4130,2023-04-06,11313.26,Lab,Cardio
CL-112,PAT-8477,2024-09-28,211.83,Hospital,Cardio
CL-113,PAT-5979,2023-10-12,133.08,Clinic,Ortho
CL-114,PAT-5905,2023-02-21,4569.66,Hospital,Cardio
CL-115,PAT-7798,2023-04-15,1469.21,Clinic,Cardio
CL-116,PAT-1887,2024-01-18,14308.69,Hospital,Cardio
CL-117,PAT-6163,2024-11-11,7163.69,Hospital,Neuro
CL-118,PAT-2956,2024-04-23,12178.69,Lab,Ortho
CL-119,PAT-3501,2023-08-27,14106.4,Lab,Ortho
CL-120,PAT-7537,2024-07-11,8381.63,Hospital,General
CL-121,PAT-5963,2023-04-04,9390.62,Hospital,Neuro
CL-122,PAT-5862,2024-02-26,8795.43,Clinic,General
CL-123,PAT-9448,2024-12-01,3547.07,Clinic,Cardio
CL-124,PAT-2667,2023-06-20,1158.82,Lab,Cardio
CL-125,PAT-9199,2024-07-09,13490.44,Clinic,Cardio
CL-126,PAT-3512,2024-01-09,11022.05,Hospital,Ortho
CL-127,PAT-7032,2024-07-12,6789.42,Hospital,Cardio
CL-128,PAT-1907,2024-10-18,14677.93,Lab,Neuro
CL-129,PAT-5089,2024-09-10,8644.72,Hospital,Neuro
CL-130,PAT-3844,2023-07-25,8852.75,Hospital,Cardio
CL-131,PAT-5303,2024-02-09,9389.4,Clinic,Neuro
CL-132,PAT-1857,2024-03-05,7399.26,Hospital,Cardio
CL-133,PAT-7771,2024-01-27,9607.76,Clinic,Cardio
CL-134,PAT-8923,2023-03-08,10843.58,Clinic,Ortho
CL-135,PAT-7765,2024-07-21,1716.91,Lab,Neuro
CL-136,PAT-2547,2023-06-25,9813.84,Lab,Neuro
CL-137,PAT-3177,2024-04-23,1803.18,Lab,General
CL-138,PAT-4742,2024-05-17,9962.13,Clinic,Ortho
CL-139,PAT-6200,2024-02-17,2530.6,Clinic,Ortho
CL-140,PAT-4140,2023-05-10,2107.7,Lab,Neuro
CL-141,PAT-6849,2023-11-06,1189.0,Clinic,Ortho
CL-142,PAT-4488,2024-12-07,6374.46,Clinic,Cardio
CL-143,PAT-5131,2023-01-17,14193.99,Hospital,General
CL-144,PAT-3555,2024-10-07,1093.13,Lab,Cardio
CL-145,PAT-1797,2024-04-29,8195.97,Lab,Ortho
CL-146,PAT-2653,2024-07-26,8865.87,Hospital,General
CL-147,PAT-1815,2023-01-13,7336.16,Hospital,Neuro
CL-148,PAT-4134,2023-12-02,4990.26,Clinic,Neuro
CL-149,PAT-7908,2023-05-29,10922.41,Lab,Cardio
CL-150,PAT-8852,2023-08-29,6776.16,Clinic,Neuro
CL-151,PAT-3304,2023-04-02,2455.62,Lab,Neuro
CL-152,PAT-6536,2023-10-15,7651.04,Clinic,Ortho
CL-153,PAT-1766,2024-05-26,6323.36,Hospital,Cardio
CL-154,PAT-8748,2023-10-12,11592.82,Lab,General
CL-155,PAT-5456,2023-07-06,7654.43,Hospital,Cardio
CL-156,PAT-3988,2023-11-04,11756.19,Hospital,Ortho
CL-157,PAT-9938,2023-01-16,8236.57,Clinic,General
CL-158,PAT-8149,2024-09-25,1106.77,Clinic,Ortho
CL-159,PAT-6332,2024-01-26,4239.9,Lab,Neuro
CL-160,PAT-1673,2024-09-21,14646.52,Lab,Cardio
CL-161,PAT-4067,2023-04-25,4629.05,Hospital,General
CL-162,PAT-6179,2023-10-09,14728.05,Hospital,Cardio
CL-163,PAT-6919,2023-07-16,7933.59,Lab,Neuro
CL-164,PAT-6910,2024-03-24,14323.99,Hospital,Neuro
CL-165,PAT-9766,2024-08-04,5825.47,Lab,Cardio
CL-166,PAT-5686,2024-07-01,3973.1,Lab,Cardio
CL-167,PAT-1660,2024-05-10,118.54,Clinic,Ortho
CL-168,PAT-9488,2024-05-08,6796.62,Lab,Ortho
CL-169,PAT-6401,2024-09-29,5486.95,Clinic,General
CL-170,PAT-3940,2023-05-26,8084.61,Hospital,Cardio
CL-171,PAT-7405,2024-04-23,14264.34,Hospital,Neuro
CL-172,PAT-2961,2024-05-30,6126.33,Clinic,Neuro
CL-173,PAT-7977,2024-04-10,4335.87,Hospital,Neuro
CL-174,PAT-9336,2024-02-24,4305.32,Hospital,Neuro
CL-175,PAT-5139,2023-04-17,3780.12,Clinic,General
CL-176,PAT-9301,2023-01-18,9048.61,Lab,Ortho
CL-177,PAT-5819,2023-11-24,8690.31,Hospital,Cardio
CL-178,PAT-2104,2023-09-12,1567.19,Hospital,Cardio
CL-179,PAT-5993,2024-03-18,541.99,Hospital,Ortho
CL-180,PAT-8089,2023-05-30,2398.56,Clinic,Cardio
CL-181,PAT-3492,2023-11-14,140.35,Clinic,Neuro
CL-182,PAT-9163,2024-10-15,746.34,Clinic,Ortho
CL-183,PAT-1013,2024-09-03,5784.79,Lab,Ortho
CL-184,PAT-3864,2024-02-25,1444.01,Clinic,Neuro
CL-185,PAT-2104,2024-10-13,11400.86,Lab,General
CL-186,PAT-8831,2024-09-29,3872.48,Clinic,Ortho
CL-187,PAT-5140,2024-06-12,14452.54,Hospital,Neuro
CL-188,PAT-5670,2024-02-11,13522.54,Clinic,General
CL-189,PAT-8028,2024-07-07,11526.2,Lab,Neuro
CL-190,PAT-8978,2024-12-28,4395.09,Lab,Neuro
CL-191,PAT-1850,2024-03-15,2692.11,Hospital,Ortho
CL-192,PAT-3908,2024-07-07,5073.71,Hospital,Ortho
CL-193,PAT-2815,2023-08-17,8996.65,Clinic,General
CL-194,PAT-4544,2024-07-16,8629.73,Lab,Neuro
CL-195,PAT-8284,2023-12-09,2556.51,Hospital,Ortho
CL-196,PAT-5837,2023-07-09,8135.09,Lab,Cardio
CL-197,PAT-1290,2023-12-07,6473.64,Lab,Neuro
CL-198,PAT-2988,2024-07-21,13396.08,Lab,Neuro
CL-199,PAT-3303,2023-11-05,2712.5,Clinic,Ortho
CL-200,PAT-4820,2024-09-28,4191.78,Lab,Cardio
CL-201,PAT-4268,2023-07-09,2960.92,Lab,Neuro
CL-202,PAT-1815,2023-03-13,6169.93,Hospital,Neuro
CL-203,PAT-2129,2024-11-01,239.02,Clinic,Neuro
CL-204,PAT-3484,2023-03-21,10540.27,Hospital,Cardio
CL-205,PAT-7001,2024-12-20,8436.2,Hospital,Cardio
CL-206,PAT-7421,2023-01-03,9076.8,Clinic,Ortho
CL-207,PAT-4378,2023-08-02,183.19,Hospital,General
CL-208,PAT-9278,2023-01-26,1488.46,Hospital,Cardio
CL-209,PAT-7448,2023-09-11,2866.26,Lab,Cardio
CL-210,PAT-8353,2024-01-22,8568.27,Clinic,Ortho
CL-211,PAT-5186,2024-02-08,8143.67,Clinic,General
CL-212,PAT-4290,2024-08-10,6553.71,Lab,Neuro
CL-213,PAT-5826,2024-01-08,11706.88,Lab,Neuro
CL-214,PAT-7587,2023-03-22,8326.3,Hospital,Ortho
CL-215,PAT-4233,2023-06-24,9871.51,Hospital,Ortho
CL-216,PAT-3285,2023-06-12,1003.83,Clinic,General
CL-217,PAT-2261,2024-09-09,10464.24,Hospital,Ortho
CL-218,PAT-9985,2023-08-24,1985.35,Lab,Cardio
CL-219,PAT-8667,2023-04-29,8071.05,Hospital,Ortho
CL-220,PAT-5234,2023-12-02,5365.29,Clinic,Cardio
CL-221,PAT-1223,2024-07-25,943.07,Hospital,Cardio
CL-222,PAT-2023,2024-06-03,9047.56,Hospital,Neuro
CL-223,PAT-8999,2023-07-06,12781.5,Hospital,General
CL-224,PAT-8385,2024-03-02,3296.7,Clinic,Cardio
CL-225,PAT-4406,2024-12-27,12946.71,Hospital,General
CL-226,PAT-3734,2024-04-13,5717.88,Lab,Cardio
CL-227,PAT-5482,2024-08-05,3977.86,Lab,Cardio
CL-228,PAT-2093,2023-06-23,13957.84,Hospital,Neuro
CL-229,PAT-1536,2024-08-23,3576.19,Lab,Ortho
CL-230,PAT-8516,2024-01-23,9645.27,Lab,Cardio
CL-231,PAT-2527,2023-03-12,10984.17,Clinic,Neuro
CL-232,PAT-9578,2023-01-18,1893.63,Clinic,Cardio
CL-233,PAT-1279,2024-03-18,493.95,Clinic,Neuro
CL-234,PAT-7982,2024-01-28,3975.4,Lab,Cardio
CL-235,PAT-4489,2023-11-14,6503.6,Hospital,Neuro
CL-236,PAT-9829,2024-02-05,11066.51,Lab,General
CL-237,PAT-6484,2023-03-14,4799.83,Clinic,General
CL-238,PAT-3366,2024-08-16,11703.39,Hospital,Cardio
CL-239,PAT-9546,2023-04-16,14606.66,Clinic,Ortho
CL-240,PAT-9756,2024-01-17,14591.38,Hospital,Neuro
CL-241,PAT-3590,2024-03-25,5182.43,Clinic,Neuro
CL-242,PAT-7646,2023-07-04,10453.09,Hospital,Cardio
CL-243,PAT-1048,2023-06-17,3899.92,Clinic,Cardio
CL-244,PAT-9583,2023-04-15,6594.11,Clinic,Cardio
CL-245,PAT-4252,2023-12-18,578.25,Clinic,Ortho
CL-246,PAT-1857,2023-11-10,1007.12,Clinic,Neuro
CL-247,PAT-5194,2024-09-12,6241.61,Hospital,General
CL-248,PAT-7261,2024-08-22,9195.9,Hospital,Cardio
CL-249,PAT-9191,2024-10-03,3984.55,Clinic,Cardio
CL-250,PAT-8250,2023-09-11,5796.63,Lab,General
CL-251,PAT-8703,2024-09-24,12672.99,Lab,Neuro
CL-252,PAT-5003,2024-07-16,3030.34,Clinic,General
CL-253,PAT-4635,2023-01-12,8525.38,Lab,Cardio
CL-254,PAT-5106,2024-05-04,685.05,Hospital,General
CL-255,PAT-7152,2023-05-03,3596.69,Clinic,General
CL-256,PAT-8798,2024-02-11,5180.58,Lab,Ortho
CL-257,PAT-2009,2023-01-23,4755.67,Clinic,Neuro
CL-258,PAT-5305,2023-06-11,10376.86,Clinic,Neuro
CL-259,PAT-8506,2024-04-18,11059.04,Lab,Neuro
CL-260,PAT-9666,2023-07-14,10667.39,Lab,Neuro
CL-261,PAT-5048,2023-03-03,3657.74,Clinic,Cardio
CL-262,PAT-7017,2024-10-18,10916.91,Clinic,Ortho
CL-263,PAT-5457,2024-08-30,2494.38,Hospital,Neuro
CL-264,PAT-9736,2023-04-01,9043.72,Clinic,Ortho
CL-265,PAT-8191,2023-08-15,12704.59,Hospital,Neuro
CL-266,PAT-3659,2024-09-25,2377.25,Hospital,Cardio
CL-267,PAT-1982,2024-04-07,574.11,Clinic,Cardio
CL-268,PAT-1989,2024-08-15,13343.37,Hospital,Neuro
CL-269,PAT-2635,2023-04-15,14669.11,Lab,Ortho
CL-270,PAT-6251,2023-07-18,3013.66,Hospital,General
CL-271,PAT-3789,2024-10-15,12178.04,Hospital,Neuro
CL-272,PAT-9681,2023-11-17,5190.86,Hospital,General
CL-273,PAT-6645,2023-01-24,10534.97,Hospital,Cardio
CL-274,PAT-5120,2024-01-25,4037.86,Lab,Cardio
CL-275,PAT-5896,2024-07-21,13128.1,Hospital,Neuro
CL-276,PAT-9982,2023-06-21,3578.79,Lab,Ortho
CL-277,PAT-4098,2024-10-09,14258.18,Hospital,Cardio
CL-278,PAT-8737,2023-09-16,9915.77,Hospital,Ortho
CL-279,PAT-4672,2024-08-22,3451.32,Hospital,Neuro
CL-280,PAT-9690,2023-07-24,13569.49,Clinic,Cardio
CL-281,PAT-5014,2024-09-05,9378.61,Hospital,Ortho
CL-282,PAT-2135,2024-08-19,3847.34,Lab,Ortho
CL-283,PAT-7069,2023-11-20,13036.19,Clinic,Neuro
CL-284,PAT-5855,2024-05-16,6378.21,Clinic,Cardio
CL-285,PAT-5902,2023-04-16,127.85,Lab,Neuro
CL-286,PAT-3613,2023-06-15,2557.11,Clinic,General
CL-287,PAT-4557,2023-03-17,10691.62,Clinic,Ortho
CL-288,PAT-1634,2024-06-20,5905.96,Clinic,Ortho
CL-289,PAT-8945,2024-06-09,1187.45,Clinic,Neuro
CL-290,PAT-4868,2024-01-26,4810.73,Clinic,Neuro
CL-291,PAT-7570,2023-07-31,12708.86,Lab,Cardio
CL-292,PAT-1861,2023-10-13,10942.11,Clinic,Neuro
CL-293,PAT-3157,2023-11-26,13865.44,Lab,General
CL-294,PAT-2355,2024-11-04,11790.84,Hospital,Neuro
CL-295,PAT-3958,2023-12-28,12219.46,Lab,Neuro
CL-296,PAT-1995,2023-03-18,3394.68,Hospital,Ortho
CL-297,PAT-4946,2024-01-03,8738.92,Lab,Cardio
CL-298,PAT-1032,2024-02-20,3757.33,Lab,Neuro
CL-299,PAT-7638,2023-12-20,2523.88,Lab,Neuro
CL-300,PAT-4207,2023-10-15,9359.02,Clinic,Neuro
CL-301,PAT-3614,2024-02-12,14433.78,Clinic,Ortho
CL-302,PAT-2972,2024-12-17,1191.99,Clinic,Cardio
CL-303,PAT-6680,2024-08-24,6946.62,Clinic,General
CL-304,PAT-5561,2023-08-22,8078.25,Lab,Cardio
CL-305,PAT-9612,2024-01-14,7587.67,Clinic,General
CL-306,PAT-7814,2023-05-03,2639.53,Clinic,Ortho
CL-307,PAT-4482,2024-08-13,4069.36,Hospital,General
CL-308,PAT-7004,2023-08-15,6972.68,Lab,Neuro
CL-309,PAT-5365,2023-04-04,14809.3,Hospital,Neuro
CL-310,PAT-8218,2023-05-23,2751.78,Hospital,General
CL-311,PAT-2612,2023-10-05,11312.67,Hospital,Ortho
CL-312,PAT-3733,2023-05-12,12845.21,Lab,Ortho
CL-313,PAT-7351,2023-08-14,6467.27,Clinic,General
CL-314,PAT-3401,2023-09-08,444.15,Hospital,Ortho
CL-315,PAT-2738,2024-12-16,2860.58,Clinic,General
CL-316,PAT-1913,2024-07-19,14864.46,Hospital,Neuro
CL-317,PAT-2471,2023-04-02,4088.45,Clinic,General
CL-318,PAT-9627,2024-10-09,3451.72,Clinic,Neuro
CL-319,PAT-2789,2024-12-08,3209.92,Clinic,Neuro
CL-320,PAT-5116,2023-08-06,13324.89,Lab,Ortho
CL-321,PAT-1797,2024-04-23,8564.57,Lab,Ortho
CL-322,PAT-5806,2023-12-03,6002.23,Lab,Neuro
CL-323,PAT-1767,2024-07-25,6098.04,Clinic,Neuro
CL-324,PAT-4185,2023-09-19,2605.67,Lab,General
CL-325,PAT-2890,2024-08-25,6380.29,Lab,Cardio
CL-326,PAT-2571,2024-08-26,12405.85,Hospital,Cardio
CL-327,PAT-5773,2024-07-17,4290.04,Hospital,Neuro
CL-328,PAT-5808,2024-03-07,503.32,Hospital,General
CL-329,PAT-2311,2023-12-21,980.59,Hospital,General
CL-330,PAT-3725,2024-02-08,11286.03,Clinic,Neuro
CL-331,PAT-1815,2023-04-06,11886.8,Clinic,Ortho
CL-332,PAT-9645,2023-11-19,8562.04,Clinic,Neuro
CL-333,PAT-5416,2023-05-25,5223.96,Clinic,Ortho
CL-334,PAT-1413,2024-05-08,3637.3,Clinic,Cardio
CL-335,PAT-3479,2024-06-03,2373.09,Clinic,General
CL-336,PAT-7520,2024-06-18,13820.5,Hospital,General
CL-337,PAT-5058,2023-11-21,13065.11,Clinic,General
CL-338,PAT-9412,2023-08-02,1365.43,Lab,Cardio
CL-339,PAT-6123,2024-12-07,8132.27,Hospital,Cardio
CL-340,PAT-7039,2024-05-09,8965.16,Lab,Cardio
CL-341,PAT-2456,2023-03-27,13295.56,Hospital,Ortho
CL-342,PAT-1622,2023-10-17,12056.0,Lab,Cardio
CL-343,PAT-5501,2024-11-03,2338.94,Clinic,Cardio
CL-344,PAT-3023,2023-01-23,1692.21,Hospital,Ortho
CL-345,PAT-9536,2024-08-23,3404.43,Clinic,Ortho
CL-346,PAT-9976,2024-04-08,11034.08,Lab,General
CL-347,PAT-1449,2024-02-08,2887.15,Hospital,Ortho
CL-348,PAT-9435,2023-03-06,4942.38,Lab,General
CL-349,PAT-4692,2023-09-07,11312.48,Hospital,Neuro
CL-350,PAT-6879,2023-02-25,12451.43,Lab,Neuro
CL-351,PAT-6053,2024-12-07,3569.07,Clinic,Cardio
CL-352,PAT-5616,2024-10-13,6336.75,Lab,Cardio
CL-353,PAT-4166,2024-11-21,10063.57,Clinic,General
CL-354,PAT-5748,2024-06-08,1743.81,Hospital,Ortho
CL-355,PAT-3743,2024-07-12,1910.03,Clinic,Neuro
CL-356,PAT-5690,2023-04-07,14184.97,Hospital,General
CL-357,PAT-8600,2024-09-27,13959.28,Hospital,Cardio
CL-358,PAT-1215,2023-04-11,1880.64,Lab,Cardio
CL-359,PAT-8655,2024-04-04,3401.27,Hospital,Ortho
CL-360,PAT-2827,2024-08-27,3195.64,Lab,General
CL-361,PAT-9944,2024-02-21,5234.13,Clinic,Cardio
CL-362,PAT-3820,2024-10-02,7351.88,Clinic,Neuro
CL-363,PAT-7520,2024-10-13,14086.64,Hospital,General
CL-364,PAT-7400,2023-07-04,5988.38,Hospital,Ortho
CL-365,PAT-9190,2023-03-03,3873.53,Hospital,General
CL-366,PAT-9540,2023-10-13,5718.05,Lab,Ortho
CL-367,PAT-8337,2023-10-17,13112.06,Clinic,Neuro
CL-368,PAT-7705,2023-01-08,4282.29,Lab,Neuro
CL-369,PAT-5518,2024-02-01,3302.08,Lab,Neuro
CL-370,PAT-7082,2023-08-14,11123.94,Lab,General
CL-371,PAT-3674,2023-12-25,3573.26,Clinic,Neuro
CL-372,PAT-4347,2023-12-18,10579.3,Hospital,Neuro
CL-373,PAT-8765,2024-01-24,3992.29,Clinic,Cardio
CL-374,PAT-6412,2024-06-14,987.84,Clinic,Cardio
CL-375,PAT-1313,2023-08-08,2844.08,Lab,Cardio
CL-376,PAT-5499,2024-07-08,12930.34,Hospital,General
CL-377,PAT-5315,2024-01-02,9909.69,Hospital,Cardio
CL-378,PAT-6806,2023-02-01,2025.52,Clinic,Neuro
CL-379,PAT-8865,2023-08-22,3850.68,Clinic,Neuro
CL-380,PAT-2123,2024-12-12,8451.7,Lab,Cardio
CL-381,PAT-1674,2024-01-29,11180.29,Hospital,Ortho
CL-382,PAT-4221,2024-09-15,3659.04,Lab,Neuro
CL-383,PAT-2249,2024-03-17,367.95,Lab,General
CL-384,PAT-5930,2024-08-04,13602.23,Clinic,Cardio
CL-385,PAT-8830,2024-07-23,12468.89,Clinic,General
CL-386,PAT-8470,2023-10-26,4136.34,Clinic,Neuro
CL-387,PAT-5662,2023-12-29,5295.22,Hospital,Ortho
CL-388,PAT-9475,2023-02-26,6656.03,Lab,General
CL-389,PAT-1787,2024-01-08,11919.07,Clinic,Cardio
CL-390,PAT-8206,2023-11-05,10252.67,Lab,Ortho
CL-391,PAT-4931,2023-07-27,14347.63,Lab,Cardio
CL-392,PAT-9192,2024-03-12,13712.13,Clinic,Ortho
CL-393,PAT-7523,2024-01-26,329.54,Lab,General
CL-394,PAT-8449,2024-11-25,12849.88,Hospital,Cardio
CL-395,PAT-1185,2024-04-22,3912.44,Clinic,General
CL-396,PAT-7684,2024-10-23,5927.45,Clinic,Ortho
CL-397,PAT-3945,2024-02-23,8428.69,Hospital,Neuro
CL-398,PAT-1078,2023-04-08,1467.22,Clinic,Ortho
CL-399,PAT-9638,2023-05-03,10708.22,Clinic,Neuro
CL-400,PAT-3286,2024-06-13,3751.63,Hospital,General
CL-401,PAT-8825,2023-05-23,2386.73,Clinic,Ortho
CL-402,PAT-1283,2024-06-10,7944.52,Hospital,Ortho
CL-403,PAT-1623,2024-06-28,13549.5,Clinic,General
CL-404,PAT-2747,2023-04-26,8150.27,Lab,General
CL-405,PAT-2377,2023-08-25,9444.12,Clinic,Neuro
CL-406,PAT-3153,2024-10-13,10722.82,Lab,Ortho
CL-407,PAT-3735,2023-12-20,8450.14,Hospital,General
CL-408,PAT-5048,2024-04-08,5118.17,Hospital,General
CL-409,PAT-6614,2023-06-03,3779.04,Lab,Neuro
CL-410,PAT-1150,2024-02-10,5686.91,Lab,Neuro
CL-411,PAT-5249,2024-05-14,5014.8,Clinic,Ortho
CL-412,PAT-5103,2024-10-21,14000.62,Lab,Cardio
CL-413,PAT-7464,2024-07-25,6421.73,Clinic,Neuro
CL-414,PAT-5182,2023-03-22,4799.8,Clinic,General
CL-415,PAT-8765,2024-04-28,11810.44,Lab,General
CL-416,PAT-1229,2024-10-25,12429.9,Lab,General
CL-417,PAT-6594,2024-02-10,7641.58,Lab,Ortho
CL-418,PAT-2366,2023-11-21,962.08,Hospital,General
CL-419,PAT-9772,2023-07-02,10160.83,Lab,Ortho
CL-420,PAT-9052,2023-05-29,10310.7,Lab,Cardio
CL-421,PAT-9797,2023-01-05,12689.34,Lab,Cardio
CL-422,PAT-8194,2024-06-08,14513.09,Hospital,Ortho
CL-423,PAT-6928,2024-04-08,2137.99,Lab,Cardio
CL-424,PAT-9462,2024-04-28,2610.92,Clinic,Neuro
CL-425,PAT-3887,2024-01-08,10292.59,Lab,Ortho
CL-426,PAT-2995,2024-05-20,13819.05,Clinic,Neuro
CL-427,PAT-3099,2024-04-14,4729.15,Lab,General
CL-428,PAT-8212,2023-02-21,4797.4,Hospital,Cardio
CL-429,PAT-5103,2024-01-26,7440.87,Lab,Ortho
CL-430,PAT-8506,2024-02-16,12967.63,Hospital,Neuro
CL-431,PAT-4367,2023-08-23,2894.21,Hospital,Cardio
CL-432,PAT-7885,2023-11-06,660.06,Hospital,Ortho
CL-433,PAT-2600,2023-02-21,2147.97,Hospital,Neuro
CL-434,PAT-5930,2024-09-01,8645.85,Clinic,Cardio
CL-435,PAT-2841,2024-09-04,9920.69,Lab,Cardio
CL-436,PAT-2790,2023-03-14,6490.9,Clinic,Neuro
CL-437,PAT-1155,2024-07-29,10242.33,Hospital,Neuro
CL-438,PAT-8516,2024-11-23,13346.94,Clinic,Neuro
CL-439,PAT-4941,2024-03-29,7080.53,Clinic,Ortho
CL-440,PAT-8935,2023-07-06,6802.98,Lab,General
CL-441,PAT-5817,2023-01-07,11749.31,Lab,General
CL-442,PAT-8429,2023-04-30,13124.62,Hospital,Ortho
CL-443,PAT-2468,2024-04-23,3759.5,Hospital,Neuro
CL-444,PAT-6044,2023-01-28,12203.75,Hospital,Cardio
CL-445,PAT-1100,2023-02-27,862.15,Lab,Cardio
CL-446,PAT-2488,2024-03-05,12648.86,Hospital,Cardio
CL-447,PAT-5559,2023-04-07,6129.73,Clinic,Cardio
CL-448,PAT-9215,2024-01-15,386.21,Clinic,General
CL-449,PAT-2013,2023-04-22,5483.78,Clinic,General
CL-450,PAT-7076,2024-08-12,10456.73,Clinic,Neuro
CL-451,PAT-8018,2023-06-24,14305.47,Clinic,General
CL-452,PAT-1135,2024-02-13,7080.57,Clinic,Neuro
CL-453,PAT-7096,2023-07-07,8258.93,Hospital,General
CL-454,PAT-8611,2024-08-16,4375.92,Hospital,Ortho
CL-455,PAT-2695,2023-09-02,1345.35,Clinic,Neuro
CL-456,PAT-4983,2024-10-16,10910.69,Hospital,General
CL-457,PAT-4359,2024-11-15,2828.52,Lab,Cardio
CL-458,PAT-7941,2023-12-25,9936.14,Clinic,Cardio
CL-459,PAT-7067,2024-04-23,8992.28,Clinic,Neuro
CL-460,PAT-2564,2024-10-31,10783.35,Clinic,Ortho
CL-461,PAT-2482,2023-08-20,1446.55,Hospital,Ortho
CL-462,PAT-2924,2024-10-12,11444.08,Clinic,General
CL-463,PAT-1271,2023-10-27,9530.18,Clinic,Cardio
CL-464,PAT-1330,2024-04-30,10432.46,Hospital,General
CL-465,PAT-8949,2023-01-17,6360.1,Hospital,Ortho
CL-466,PAT-4709,2023-05-10,8685.7,Lab,Ortho
CL-467,PAT-4200,2024-06-07,9845.51,Clinic,General
CL-468,PAT-5693,2023-10-01,1133.65,Clinic,Neuro
CL-469,PAT-2864,2024-11-18,13156.45,Lab,General
CL-470,PAT-6959,2023-02-24,14880.29,Clinic,Cardio
CL-471,PAT-2617,2024-07-12,14712.17,Lab,General
CL-472,PAT-7322,2023-12-28,3903.92,Hospital,General
CL-473,PAT-1725,2024-03-07,11653.47,Clinic,Ortho
CL-474,PAT-3340,2024-03-11,5932.73,Clinic,General
CL-475,PAT-8100,2024-06-19,3114.46,Lab,Neuro
CL-476,PAT-4331,2023-08-14,2857.35,Lab,General
CL-477,PAT-6643,2023-06-30,11156.24,Hospital,Ortho
CL-478,PAT-7161,2023-04-14,10650.56,Clinic,Cardio
CL-479,PAT-8980,2023-05-23,4741.35,Hospital,Neuro
CL-480,PAT-2995,2023-03-03,6883.17,Lab,Neuro
CL-481,PAT-4016,2024-01-09,8025.52,Clinic,Cardio
CL-482,PAT-7381,2023-02-04,5028.36,Clinic,General
CL-483,PAT-5353,2024-01-22,4189.92,Lab,General
CL-484,PAT-4118,2024-08-28,4837.34,Clinic,Neuro
CL-485,PAT-2741,2024-02-15,13357.68,Hospital,General
CL-486,PAT-8063,2023-09-23,8100.17,Hospital,Ortho
CL-487,PAT-7458,2023-10-27,8311.4,Lab,Ortho
CL-488,PAT-8655,2023-03-03,6488.22,Clinic,Neuro
CL-489,PAT-6085,2023-09-26,118.47,Lab,Neuro
CL-490,PAT-2703,2024-08-08,3234.82,Hospital,General
CL-491,PAT-9699,2023-08-16,10578.6,Clinic,Neuro
CL-492,PAT-8148,2023-06-30,10968.56,Lab,Ortho
CL-493,PAT-7221,2023-08-17,2529.7,Clinic,Neuro
CL-494,PAT-7591,2024-03-22,3079.98,Hospital,Cardio
CL-495,PAT-5893,2023-07-29,3853.56,Hospital,Ortho
CL-496,PAT-8221,2024-04-13,4465.44,Clinic,General
CL-497,PAT-2123,2024-08-19,14337.69,Lab,General
CL-498,PAT-4029,2024-08-20,6974.04,Clinic,Ortho
CL-499,PAT-9284,2023-09-10,5940.3,Hospital,Cardio
CL-500,PAT-4110,2024-06-29,7776.29,Hospital,General
CL-501,PAT-7788,2024-11-05,8980.55,Lab,General
CL-502,PAT-3226,2023-09-14,12159.83,Lab,Cardio
CL-503,PAT-9782,2024-11-09,4118.66,Clinic,General
CL-504,PAT-5170,2023-12-02,2021.93,Clinic,Neuro
CL-505,PAT-7333,2024-04-16,9644.92,Clinic,Ortho
CL-506,PAT-8381,2024-05-31,3508.47,Hospital,Neuro
CL-507,PAT-8997,2023-12-29,6732.72,Hospital,Neuro
CL-508,PAT-6802,2023-04-20,1591.85,Clinic,Cardio
CL-509,PAT-3185,2024-05-04,187.01,Hospital,General
CL-510,PAT-6697,2023-10-29,3250.76,Lab,Neuro
CL-511,PAT-3654,2024-02-29,3844.66,Hospital,General
CL-512,PAT-9553,2023-04-06,6711.84,Lab,Cardio
CL-513,PAT-5400,2024-12-23,1532.27,Clinic,Ortho
CL-514,PAT-9396,2024-07-31,8217.52,Clinic,Neuro
CL-515,PAT-1239,2023-08-17,11279.7,Clinic,Cardio
CL-516,PAT-5290,2023-09-27,8564.94,Lab,General
CL-517,PAT-7683,2024-04-20,11625.06,Hospital,Cardio
CL-518,PAT-1520,2024-06-06,3145.41,Hospital,Cardio
CL-519,PAT-3741,2023-06-19,1818.48,Lab,Cardio
CL-520,PAT-3158,2024-08-26,13551.21,Hospital,Neuro
CL-521,PAT-8625,2024-10-30,8886.71,Hospital,General
CL-522,PAT-1118,2024-01-20,14969.93,Lab,Ortho
CL-523,PAT-7277,2023-04-12,8360.7,Clinic,General
CL-524,PAT-3948,2024-07-19,10787.11,Lab,General
CL-525,PAT-9636,2023-12-01,8630.46,Hospital,General
CL-526,PAT-4044,2023-04-14,9328.35,Lab,Cardio
CL-527,PAT-2630,2023-11-17,11685.45,Hospital,Ortho
CL-528,PAT-1263,2023-10-28,8535.72,Lab,Cardio
CL-529,PAT-1333,2024-02-22,1267.62,Hospital,Cardio
CL-530,PAT-1435,2024-01-29,8688.0,Clinic,Cardio
CL-531,PAT-1965,2023-01-11,3480.78,Hospital,Cardio
CL-532,PAT-3705,2024-12-03,6521.59,Clinic,Cardio
CL-533,PAT-7436,2023-03-25,8400.57,Clinic,Cardio
CL-534,PAT-5946,2024-05-26,11962.34,Lab,Cardio
CL-535,PAT-4815,2023-05-05,14234.25,Clinic,Ortho
CL-536,PAT-7392,2024-05-17,738.5,Hospital,Ortho
CL-537,PAT-7848,2024-12-11,4041.13,Clinic,General
CL-538,PAT-5058,2023-12-06,4147.09,Hospital,Ortho
CL-539,PAT-9134,2024-03-01,6739.45,Clinic,Neuro
CL-540,PAT-4920,2023-07-20,13725.49,Clinic,General
CL-541,PAT-4486,2024-09-23,1081.87,Clinic,Ortho
CL-542,PAT-4454,2023-01-28,8387.43,Hospital,General
CL-543,PAT-4257,2023-07-14,3643.79,Hospital,General
CL-544,PAT-7015,2023-04-16,11245.78,Lab,Neuro
CL-545,PAT-4420,2024-04-25,10974.66,Lab,Neuro
CL-546,PAT-9182,2023-12-26,14816.44,Clinic,Cardio
CL-547,PAT-2393,2023-03-07,1675.4,Lab,Cardio
CL-548,PAT-5539,2023-11-10,5934.67,Hospital,Cardio
CL-549,PAT-2393,2023-11-13,12018.1,Hospital,Neuro
CL-550,PAT-4597,2024-08-13,13191.01,Clinic,Cardio
CL-551,PAT-5864,2024-06-13,9113.1,Hospital,General
CL-552,PAT-7292,2024-01-20,14557.56,Lab,General
CL-553,PAT-7245,2024-09-18,10166.94,Lab,Neuro
CL-554,PAT-5501,2023-01-21,7777.05,Lab,General
CL-555,PAT-9604,2023-07-21,2786.18,Lab,General
CL-556,PAT-2378,2023-03-11,5773.83,Lab,Neuro
CL-557,PAT-8461,2024-02-19,9774.47,Lab,General
CL-558,PAT-7420,2023-09-22,1365.6,Hospital,Cardio
CL-559,PAT-2467,2024-06-18,9469.04,Clinic,Ortho
CL-560,PAT-6524,2023-12-23,1187.36,Hospital,Ortho
CL-561,PAT-6730,2024-07-28,9176.3,Lab,Ortho
CL-562,PAT-6224,2024-09-14,849.01,Lab,Neuro
CL-563,PAT-1003,2024-04-13,8386.0,Lab,Ortho
CL-564,PAT-8361,2023-12-26,9940.43,Clinic,Ortho
CL-565,PAT-8827,2023-03-09,12163.44,Clinic,Cardio
CL-566,PAT-6615,2023-03-20,354.27,Clinic,General
CL-567,PAT-8284,2024-03-25,7519.7,Clinic,Ortho
CL-568,PAT-2352,2024-10-24,8500.37,Clinic,Cardio
CL-569,PAT-3107,2024-02-17,3983.49,Clinic,General
CL-570,PAT-3226,2024-05-07,1855.23,Lab,Neuro
CL-571,PAT-1778,2023-04-25,10690.12,Clinic,Neuro
CL-572,PAT-2615,2023-11-19,12718.85,Lab,Ortho
CL-573,PAT-8834,2024-03-25,4570.76,Hospital,General
CL-574,PAT-1568,2024-04-01,2541.35,Hospital,Neuro
CL-575,PAT-1580,2024-04-20,10201.41,Hospital,Cardio
CL-576,PAT-4875,2023-09-08,13464.68,Lab,General
CL-577,PAT-3511,2024-05-12,14506.73,Lab,Neuro
CL-578,PAT-9471,2023-06-13,5340.2,Clinic,Neuro
CL-579,PAT-8159,2024-12-24,11507.93,Hospital,Cardio
CL-580,PAT-1927,2024-12-28,9499.1,Clinic,Ortho
CL-581,PAT-5583,2023-06-19,798.95,Lab,Ortho
CL-582,PAT-5737,2024-11-06,8126.37,Clinic,Cardio
CL-583,PAT-5200,2024-07-19,7568.07,Lab,Neuro
CL-584,PAT-8070,2023-11-05,9041.1,Hospital,Neuro
CL-585,PAT-9800,2024-06-22,5222.56,Hospital,Ortho
CL-586,PAT-4245,2024-09-01,10100.15,Lab,Neuro
CL-587,PAT-2136,2023-03-06,4916.83,Hospital,Ortho
CL-588,PAT-8587,2023-11-11,2641.89,Hospital,Cardio
CL-589,PAT-5973,2024-06-01,5476.52,Lab,General
CL-590,PAT-4821,2023-05-19,9710.94,Hospital,Ortho
CL-591,PAT-4177,2023-05-29,10350.11,Lab,Neuro
CL-592,PAT-1702,2024-11-05,848.85,Clinic,Neuro
CL-593,PAT-3013,2023-08-08,1676.3,Hospital,General
CL-594,PAT-4505,2023-01-29,10994.73,Hospital,General
CL-595,PAT-7683,2024-05-24,2567.48,Lab,Ortho
CL-596,PAT-1068,2023-10-04,3729.55,Hospital,Neuro
CL-597,PAT-3653,2023-04-02,13168.41,Hospital,Cardio
CL-598,PAT-3275,2024-04-17,14095.05,Clinic,Ortho
CL-599,PAT-6765,2023-05-16,8898.62,Clinic,Neuro
CL-600,PAT-9185,2023-09-13,14590.37,Hospital,General
CL-601,PAT-8996,2024-06-22,11708.9,Clinic,General
CL-602,PAT-6722,2024-06-22,592.81,Clinic,Ortho
CL-603,PAT-5377,2024-05-06,1069.99,Lab,Neuro
CL-604,PAT-1665,2023-10-26,8151.44,Clinic,Neuro
CL-605,PAT-5507,2024-05-27,2460.6,Clinic,Ortho
CL-606,PAT-8671,2023-03-01,8798.91,Hospital,Ortho
CL-607,PAT-9924,2023-08-15,4844.65,Hospital,Cardio
CL-608,PAT-1026,2024-09-14,1768.58,Lab,Neuro
CL-609,PAT-1126,2024-03-31,13378.02,Lab,Cardio
CL-610,PAT-1340,2024-11-24,13960.57,Clinic,Cardio
CL-611,PAT-7101,2024-08-04,14630.17,Clinic,Cardio
CL-612,PAT-3408,2023-03-26,4460.93,Hospital,Neuro
CL-613,PAT-8554,2023-09-04,7697.65,Lab,General
CL-614,PAT-2925,2023-04-08,4774.57,Clinic,Neuro
CL-615,PAT-5400,2024-06-17,9076.65,Hospital,Ortho
CL-616,PAT-4444,2023-01-23,7957.64,Hospital,Cardio
CL-617,PAT-6283,2024-03-06,6418.63,Hospital,Ortho
CL-618,PAT-2819,2023-10-04,5676.75,Clinic,Neuro
CL-619,PAT-2893,2023-10-23,1736.04,Hospital,Cardio
CL-620,PAT-2387,2023-09-15,2074.72,Lab,Ortho
CL-621,PAT-6133,2024-07-09,11575.16,Clinic,Neuro
CL-622,PAT-6905,2023-10-17,12526.11,Lab,Cardio
CL-623,PAT-3998,2023-11-14,10692.95,Hospital,General
CL-624,PAT-6864,2023-10-12,1840.1,Clinic,Ortho
CL-625,PAT-4213,2023-09-04,14955.56,Hospital,Neuro
CL-626,PAT-2550,2024-06-11,12005.56,Lab,General
CL-627,PAT-2798,2024-01-05,8412.77,Lab,General
CL-628,PAT-3084,2024-06-30,12814.98,Hospital,General
CL-629,PAT-3149,2023-12-21,4738.94,Clinic,Neuro
CL-630,PAT-7359,2024-10-12,5012.2,Lab,Cardio
CL-631,PAT-2721,2023-03-29,120.29,Lab,General
CL-632,PAT-4454,2024-03-03,1621.63,Clinic,Ortho
CL-633,PAT-7359,2024-08-08,2720.13,Hospital,Cardio
CL-634,PAT-5533,2024-10-11,12324.7,Lab,General
CL-635,PAT-7719,2024-12-21,10494.97,Hospital,Neuro
CL-636,PAT-3733,2024-09-12,9520.38,Clinic,Neuro
CL-637,PAT-9785,2024-01-31,14216.32,Lab,Cardio
CL-638,PAT-8303,2024-03-09,8362.24,Lab,Cardio
CL-639,PAT-8226,2023-05-20,12392.17,Clinic,Ortho
CL-640,PAT-4021,2023-07-15,1434.07,Hospital,Neuro
CL-641,PAT-1675,2024-08-15,6242.53,Clinic,Neuro
CL-642,PAT-4264,2024-09-07,7029.46,Lab,General
CL-643,PAT-6289,2024-07-14,4508.92,Lab,Cardio
CL-644,PAT-6666,2024-04-24,6094.72,Hospital,Cardio
CL-645,PAT-3090,2024-04-26,12121.07,Lab,General
CL-646,PAT-9838,2023-11-26,1298.72,Lab,Neuro
CL-647,PAT-9883,2024-06-08,14207.38,Hospital,Neuro
CL-648,PAT-3539,2023-03-15,4276.46,Clinic,Neuro
CL-649,PAT-9710,2024-01-10,6735.92,Lab,Cardio
CL-650,PAT-7187,2024-07-01,13103.2,Hospital,Ortho
CL-651,PAT-5531,2024-01-16,7976.12,Clinic,General
CL-652,PAT-4704,2024-05-08,8564.79,Clinic,Ortho
CL-653,PAT-2044,2023-08-20,10458.37,Clinic,General
CL-654,PAT-5555,2023-06-16,5215.73,Hospital,Neuro
CL-655,PAT-4721,2023-02-05,8272.61,Lab,Cardio
CL-656,PAT-2699,2024-08-24,4918.83,Lab,Ortho
CL-657,PAT-3724,2023-07-19,735.06,Hospital,Neuro
CL-658,PAT-4649,2024-08-23,4498.72,Hospital,Ortho
CL-659,PAT-6700,2023-12-02,5307.46,Hospital,Cardio
CL-660,PAT-2867,2024-11-17,7442.8,Hospital,Ortho
CL-661,PAT-9106,2023-12-19,2376.01,Lab,Neuro
CL-662,PAT-5770,2023-04-15,11803.1,Clinic,Neuro
CL-663,PAT-7943,2023-09-24,10096.57,Hospital,Cardio
CL-664,PAT-7694,2024-11-04,666.22,Hospital,Cardio
CL-665,PAT-5296,2023-08-30,11641.55,Lab,Ortho
CL-666,PAT-4012,2023-11-01,8144.1,Lab,Neuro
CL-667,PAT-1497,2024-06-17,4688.61,Lab,Ortho
CL-668,PAT-2540,2023-01-22,1121.8,Hospital,Neuro
CL-669,PAT-8229,2023-08-09,932.72,Lab,Cardio
CL-670,PAT-6637,2024-09-08,14475.84,Lab,General
CL-671,PAT-7301,2023-01-13,13870.09,Hospital,Cardio
CL-672,PAT-6174,2024-07-24,8095.21,Clinic,General
CL-673,PAT-2785,2024-11-22,1784.08,Hospital,Cardio
CL-674,PAT-3092,2024-10-08,12413.65,Clinic,General
CL-675,PAT-8435,2023-08-13,283.62,Lab,Ortho
CL-676,PAT-3701,2023-06-26,5424.21,Hospital,Neuro
CL-677,PAT-5802,2024-05-27,12638.37,Hospital,General
CL-678,PAT-9173,2023-12-17,10950.68,Hospital,General
CL-679,PAT-8076,2023-02-07,10677.91,Clinic,Cardio
CL-680,PAT-5158,2024-05-19,3233.07,Lab,Neuro
CL-681,PAT-6749,2023-07-04,9280.98,Lab,Ortho
CL-682,PAT-2838,2024-08-23,8731.94,Lab,General
CL-683,PAT-8405,2023-10-19,8585.85,Hospital,General
CL-684,PAT-4627,2024-08-14,12615.89,Hospital,Ortho
CL-685,PAT-3681,2024-02-01,4170.78,Lab,General
CL-686,PAT-5590,2024-02-07,2197.76,Clinic,Ortho
CL-687,PAT-2038,2023-01-30,12591.44,Hospital,Ortho
CL-688,PAT-5715,2024-09-18,4023.81,Clinic,Cardio
CL-689,PAT-7319,2023-08-19,11507.93,Clinic,Neuro
CL-690,PAT-1272,2024-12-02,6116.74,Lab,Ortho
CL-691,PAT-4651,2023-09-24,3539.53,Hospital,General
CL-692,PAT-9379,2024-04-19,11584.2,Clinic,Cardio
CL-693,PAT-8561,2024-05-04,481.31,Clinic,Cardio
CL-694,PAT-6889,2024-05-29,5096.05,Clinic,Neuro
CL-695,PAT-5855,2024-07-09,8091.07,Lab,Cardio
CL-696,PAT-8983,2024-07-09,4037.72,Lab,Ortho
CL-697,PAT-4551,2023-03-24,8814.79,Clinic,Ortho
CL-698,PAT-9274,2024-11-17,13102.69,Lab,General
CL-699,PAT-4692,2023-11-15,879.79,Hospital,General
CL-700,PAT-7848,2024-12-26,13239.8,Lab,Ortho
CL-701,PAT-5348,2024-05-16,6575.3,Hospital,Ortho
CL-702,PAT-1824,2024-05-21,10022.32,Hospital,Neuro
CL-703,PAT-6202,2023-05-06,7633.37,Lab,General
CL-704,PAT-5991,2024-04-06,2320.14,Lab,Neuro
CL-705,PAT-5121,2024-10-01,5123.13,Lab,General
CL-706,PAT-9141,2023-01-12,7264.01,Hospital,Neuro
CL-707,PAT-8334,2023-09-11,9481.4,Clinic,Neuro
CL-708,PAT-4215,2023-07-28,9714.13,Lab,General
CL-709,PAT-4182,2023-12-16,9675.65,Clinic,General
CL-710,PAT-2351,2023-10-21,619.3,Lab,General
CL-711,PAT-2274,2023-06-16,1070.68,Lab,Ortho
CL-712,PAT-8775,2023-09-30,7182.11,Lab,Ortho
CL-713,PAT-5502,2024-01-27,10231.56,Hospital,Neuro
CL-714,PAT-6534,2024-07-15,12099.92,Clinic,General
CL-715,PAT-1332,2023-01-03,12701.16,Hospital,Cardio
CL-716,PAT-4957,2024-07-23,12213.44,Hospital,Cardio
CL-717,PAT-6697,2023-10-25,5093.27,Lab,General
CL-718,PAT-7553,2024-01-27,6042.82,Clinic,Ortho
CL-719,PAT-1103,2023-05-10,7987.34,Lab,General
CL-720,PAT-1363,2024-06-29,7468.63,Clinic,Ortho
CL-721,PAT-6053,2023-11-22,4761.9,Clinic,General
CL-722,PAT-6350,2023-05-15,3011.24,Hospital,Neuro
CL-723,PAT-2445,2024-07-04,10561.67,Hospital,Cardio
CL-724,PAT-7436,2024-08-01,3211.21,Clinic,Ortho
CL-725,PAT-7192,2024-10-22,10639.97,Clinic,Cardio
CL-726,PAT-5850,2024-10-22,9691.1,Clinic,General
CL-727,PAT-3843,2023-10-19,11979.45,Clinic,Ortho
CL-728,PAT-1649,2024-07-03,8432.48,Clinic,General
CL-729,PAT-1503,2024-09-19,3391.26,Lab,Neuro
CL-730,PAT-7651,2023-03-12,2862.99,Lab,General
CL-731,PAT-6423,2024-05-04,13826.99,Clinic,General
CL-732,PAT-7502,2023-07-08,2840.31,Lab,General
CL-733,PAT-9825,2023-02-02,6966.32,Lab,Neuro
CL-734,PAT-8686,2023-04-21,2524.51,Clinic,Cardio
CL-735,PAT-8196,2023-12-17,14331.66,Hospital,Neuro
CL-736,PAT-5647,2023-11-16,14365.78,Clinic,Neuro
CL-737,PAT-9819,2023-02-06,11805.09,Clinic,Ortho
CL-738,PAT-2509,2023-11-14,9112.79,Clinic,Ortho
CL-739,PAT-6617,2024-04-23,2094.42,Clinic,Cardio
CL-740,PAT-3411,2023-11-05,449.13,Hospital,Cardio
CL-741,PAT-7183,2024-11-16,11362.23,Lab,Neuro
CL-742,PAT-3000,2024-10-28,3617.88,Hospital,Neuro
CL-743,PAT-6617,2024-09-30,5797.89,Clinic,General
CL-744,PAT-9024,2023-02-27,2249.86,Clinic,General
CL-745,PAT-8785,2023-10-04,13586.83,Clinic,Ortho
CL-746,PAT-5831,2023-05-16,6261.9,Hospital,General
CL-747,PAT-2012,2023-08-17,7027.18,Lab,Neuro
CL-748,PAT-8534,2023-01-31,10806.15,Hospital,Ortho
CL-749,PAT-4241,2023-06-24,13012.51,Hospital,General
CL-750,PAT-3143,2024-05-28,11672.1,Lab,Cardio
CL-751,PAT-4058,2023-09-10,9907.0,Hospital,General
CL-752,PAT-3111,2023-01-05,8896.78,Hospital,Cardio
CL-753,PAT-7473,2024-07-01,3564.07,Hospital,Cardio
CL-754,PAT-9714,2024-12-06,3884.8,Hospital,Cardio
CL-755,PAT-7591,2023-03-24,10800.53,Lab,General
CL-756,PAT-7238,2023-09-16,10027.14,Lab,Cardio
CL-757,PAT-1904,2024-12-28,8710.17,Lab,Ortho
CL-758,PAT-5147,2024-12-11,2056.02,Hospital,Ortho
CL-759,PAT-2591,2023-07-13,5045.06,Hospital,Neuro
CL-760,PAT-1750,2024-01-07,9658.24,Lab,General
CL-761,PAT-3695,2023-10-12,13279.39,Hospital,Ortho
CL-762,PAT-3304,2023-04-18,13154.44,Lab,Ortho
CL-763,PAT-9558,2024-06-17,1394.66,Hospital,Ortho
CL-764,PAT-2740,2023-11-26,6274.73,Hospital,Neuro
CL-765,PAT-5416,2024-03-16,8565.29,Clinic,Cardio
CL-766,PAT-7017,2024-03-23,288.88,Clinic,Cardio
CL-767,PAT-9002,2024-05-29,1749.87,Clinic,General
CL-768,PAT-8239,2023-07-01,1027.44,Lab,Neuro
CL-769,PAT-9577,2023-03-14,1118.78,Clinic,Neuro
CL-770,PAT-1442,2023-08-24,5675.59,Hospital,General
CL-771,PAT-4301,2023-09-11,7189.49,Lab,Ortho
CL-772,PAT-4566,2024-02-14,12847.68,Hospital,Neuro
CL-773,PAT-8120,2023-12-08,10172.32,Hospital,Ortho
CL-774,PAT-6545,2023-02-14,4277.31,Clinic,Neuro
CL-775,PAT-3266,2024-08-18,8161.33,Lab,General
CL-776,PAT-6918,2023-04-04,8920.25,Clinic,General
CL-777,PAT-3855,2023-12-26,6282.09,Lab,Ortho
CL-778,PAT-5146,2024-12-01,11289.91,Hospital,General
CL-779,PAT-2136,2023-02-05,11990.72,Clinic,Cardio
CL-780,PAT-6659,2023-02-14,3414.3,Clinic,Neuro
CL-781,PAT-3687,2023-06-16,3988.13,Lab,Neuro
CL-782,PAT-2124,2023-06-18,12727.55,Hospital,Neuro
CL-783,PAT-9978,2023-07-12,716.66,Clinic,Ortho
CL-784,PAT-4036,2024-07-02,11556.14,Clinic,Cardio
CL-785,PAT-8724,2023-12-03,12007.78,Lab,Cardio
CL-786,PAT-3536,2024-10-27,13324.38,Hospital,General
CL-787,PAT-8927,2023-12-14,9278.67,Clinic,General
CL-788,PAT-8413,2023-01-31,3314.12,Hospital,Cardio
CL-789,PAT-7362,2023-09-02,11742.04,Lab,Cardio
CL-790,PAT-8394,2023-09-12,2299.44,Clinic,Ortho
CL-791,PAT-5590,2023-11-21,6151.81,Lab,Neuro
CL-792,PAT-9320,2024-04-27,2297.67,Hospital,Cardio
CL-793,PAT-4167,2024-05-15,14447.76,Hospital,Ortho
CL-794,PAT-7917,2023-01-02,10784.49,Hospital,Neuro
CL-795,PAT-9962,2023-07-19,11648.2,Clinic,General
CL-796,PAT-8815,2023-11-27,4122.8,Hospital,Ortho
CL-797,PAT-2995,2023-01-30,13701.63,Hospital,General
CL-798,PAT-6427,2023-01-21,4567.98,Clinic,General
CL-799,PAT-2899,2024-04-16,12776.63,Lab,Ortho
CL-800,PAT-4574,2023-02-13,11756.09,Lab,Ortho
CL-801,PAT-9145,2024-11-15,529.39,Lab,General
CL-802,PAT-3578,2024-10-05,5856.7,Hospital,Neuro
CL-803,PAT-8937,2023-05-20,9399.8,Hospital,General
CL-804,PAT-8926,2024-09-28,7445.45,Hospital,General
CL-805,PAT-3179,2023-06-26,12872.3,Clinic,Cardio
CL-806,PAT-4390,2023-06-17,10877.44,Clinic,Neuro
CL-807,PAT-8083,2024-01-08,6302.59,Clinic,Neuro
CL-808,PAT-2863,2023-06-15,7798.62,Hospital,Neuro
CL-809,PAT-8573,2024-11-16,3721.5,Clinic,Neuro
CL-810,PAT-5372,2024-07-03,12699.12,Clinic,Ortho
CL-811,PAT-5171,2023-12-05,831.37,Lab,Ortho
CL-812,PAT-4501,2023-06-12,6773.7,Clinic,Cardio
CL-813,PAT-2904,2024-08-17,4014.93,Hospital,Ortho
CL-814,PAT-2954,2023-06-01,4873.91,Lab,Ortho
CL-815,PAT-8930,2023-06-16,1128.0,Hospital,Cardio
CL-816,PAT-5523,2023-10-26,2274.21,Lab,General
CL-817,PAT-1096,2024-04-22,10753.44,Lab,Ortho
CL-818,PAT-5501,2024-12-15,11366.24,Lab,General
CL-819,PAT-1584,2024-03-02,4771.66,Hospital,Neuro
CL-820,PAT-1593,2023-12-22,408.8,Lab,General
CL-821,PAT-1111,2024-10-24,2270.01,Hospital,Ortho
CL-822,PAT-4078,2024-07-15,11829.07,Lab,Ortho
CL-823,PAT-9870,2024-12-08,653.78,Lab,Ortho
CL-824,PAT-1905,2024-05-06,14346.58,Hospital,General
CL-825,PAT-9732,2023-11-16,10397.37,Lab,Cardio
CL-826,PAT-2304,2024-02-21,11804.22,Lab,Ortho
CL-827,PAT-4384,2024-08-31,8369.05,Hospital,General
CL-828,PAT-3645,2023-11-06,2272.83,Clinic,Neuro
CL-829,PAT-1309,2023-01-02,4497.4,Clinic,Ortho
CL-830,PAT-6494,2023-09-03,4598.66,Lab,General
CL-831,PAT-1057,2023-08-13,8586.15,Hospital,Ortho
CL-832,PAT-3077,2023-05-31,11894.31,Hospital,Cardio
CL-833,PAT-4673,2023-01-30,3393.77,Hospital,Neuro
CL-834,PAT-2705,2023-05-29,9097.68,Hospital,General
CL-835,PAT-5015,2024-04-17,225.18,Clinic,General
CL-836,PAT-8706,2024-08-29,197.36,Lab,General
CL-837,PAT-3323,2024-05-22,3689.76,Clinic,General
CL-838,PAT-1781,2024-02-06,1831.9,Lab,General
CL-839,PAT-8423,2024-07-10,13084.78,Lab,Neuro
CL-840,PAT-6786,2023-02-25,1104.73,Clinic,Neuro
CL-841,PAT-3899,2024-08-13,9262.01,Hospital,Cardio
CL-842,PAT-5943,2023-08-17,8865.63,Lab,Neuro
CL-843,PAT-1226,2023-01-24,11238.36,Lab,Ortho
CL-844,PAT-7712,2024-05-08,13711.78,Hospital,Cardio
CL-845,PAT-8442,2024-09-12,5758.28,Clinic,General
CL-846,PAT-8624,2024-08-08,7462.19,Clinic,General
CL-847,PAT-6442,2024-11-25,4143.66,Lab,General
CL-848,PAT-8442,2023-08-05,5888.32,Clinic,General
CL-849,PAT-8351,2024-09-09,7749.9,Hospital,Ortho
CL-850,PAT-2737,2024-08-20,12370.74,Lab,Neuro
CL-851,PAT-2392,2023-09-05,7248.04,Clinic,General
CL-852,PAT-5016,2023-01-13,10022.45,Lab,General
CL-853,PAT-8784,2023-02-03,1232.27,Hospital,Cardio
CL-854,PAT-1132,2024-04-24,7502.3,Hospital,Neuro
CL-855,PAT-6077,2023-08-09,3165.19,Lab,General
CL-856,PAT-1131,2024-01-28,2480.35,Hospital,Ortho
CL-857,PAT-7578,2024-04-18,12920.71,Clinic,Neuro
CL-858,PAT-1803,2023-07-15,13471.14,Clinic,Ortho
CL-859,PAT-4633,2024-07-22,5667.38,Clinic,Cardio
CL-860,PAT-3264,2024-09-14,10773.46,Hospital,General
CL-861,PAT-6941,2023-11-05,2179.41,Hospital,Ortho
CL-862,PAT-2434,2024-05-31,11721.2,Hospital,General
CL-863,PAT-3702,2024-04-04,2393.31,Clinic,Cardio
CL-864,PAT-1531,2024-06-09,3294.62,Hospital,Neuro
CL-865,PAT-7077,2024-12-01,7217.33,Clinic,General
CL-866,PAT-7614,2024-05-27,1312.94,Lab,Cardio
CL-867,PAT-6849,2024-08-12,4262.38,Lab,Neuro
CL-868,PAT-1236,2024-04-16,6274.75,Clinic,Ortho
CL-869,PAT-7259,2023-05-19,1027.32,Clinic,Cardio
CL-870,PAT-7710,2024-12-25,2248.47,Hospital,Neuro
CL-871,PAT-6419,2024-11-06,4331.36,Hospital,Ortho
CL-872,PAT-6581,2023-09-26,12551.12,Hospital,Neuro
CL-873,PAT-9583,2023-05-21,2569.09,Hospital,Ortho
CL-874,PAT-4208,2024-09-10,12851.86,Hospital,General
CL-875,PAT-4509,2024-01-17,5256.49,Clinic,Neuro
CL-876,PAT-5720,2024-11-20,14054.65,Hospital,Ortho
CL-877,PAT-5589,2024-06-06,4133.89,Clinic,Neuro
CL-878,PAT-1429,2024-08-03,11788.59,Hospital,Neuro
CL-879,PAT-6162,2024-04-26,5400.55,Lab,Cardio
CL-880,PAT-3663,2023-10-22,13038.61,Lab,General
CL-881,PAT-1816,2023-06-10,11676.87,Lab,Neuro
CL-882,PAT-1677,2023-07-26,7782.23,Clinic,Cardio
CL-883,PAT-3446,2024-11-27,1079.54,Hospital,Neuro
CL-884,PAT-2308,2023-07-05,5190.87,Lab,Cardio
CL-885,PAT-6074,2023-10-04,6244.69,Hospital,Ortho
CL-886,PAT-7933,2024-07-27,10748.84,Hospital,Ortho
CL-887,PAT-9471,2024-02-27,9681.25,Hospital,Neuro
CL-888,PAT-5826,2023-06-27,10678.83,Hospital,Cardio
CL-889,PAT-6157,2024-09-21,8196.01,Lab,General
CL-890,PAT-1016,2024-03-22,1217.84,Clinic,Ortho
CL-891,PAT-7172,2024-06-29,1182.87,Clinic,Cardio
CL-892,PAT-7230,2024-04-14,5332.72,Clinic,Cardio
CL-893,PAT-8249,2023-07-31,5666.87,Hospital,Cardio
CL-894,PAT-9979,2024-01-12,13938.48,Clinic,General
CL-895,PAT-1242,2023-12-11,2756.99,Clinic,General
CL-896,PAT-9207,2024-05-30,13555.12,Lab,General
CL-897,PAT-7163,2024-12-06,1083.79,Lab,Neuro
CL-898,PAT-6666,2024-02-05,12421.18,Clinic,Ortho
CL-899,PAT-2106,2023-02-01,3985.34,Hospital,Cardio
CL-900,PAT-4608,2023-02-14,5522.75,Clinic,Cardio
CL-901,PAT-2571,2023-12-10,9247.19,Lab,Neuro
CL-902,PAT-1268,2023-07-13,10036.22,Lab,Ortho
CL-903,PAT-1879,2023-02-28,7931.65,Hospital,Cardio
CL-904,PAT-8649,2023-09-01,10567.43,Lab,General
CL-905,PAT-7384,2023-08-17,5940.57,Lab,Ortho
CL-906,PAT-3421,2023-01-24,6649.17,Lab,Cardio
CL-907,PAT-7783,2023-04-22,11039.72,Clinic,Cardio
CL-908,PAT-3198,2023-06-23,13509.04,Clinic,General
CL-909,PAT-1069,2024-03-01,4232.68,Hospital,Neuro
CL-910,PAT-3259,2023-04-12,1432.16,Hospital,Ortho
CL-911,PAT-9524,2023-07-24,7872.04,Hospital,Neuro
CL-912,PAT-2957,2024-02-15,2240.03,Clinic,Neuro
CL-913,PAT-5985,2024-09-27,12511.64,Lab,Ortho
CL-914,PAT-6959,2024-11-10,5596.72,Lab,Neuro
CL-915,PAT-9081,2023-09-03,10238.03,Lab,Ortho
CL-916,PAT-4180,2023-11-09,2966.64,Lab,Ortho
CL-917,PAT-1493,2023-05-24,13923.7,Clinic,General
CL-918,PAT-9697,2023-07-29,5308.03,Clinic,General
CL-919,PAT-1532,2024-06-30,4028.99,Clinic,Ortho
CL-920,PAT-7779,2023-10-27,14571.71,Lab,Ortho
CL-921,PAT-2192,2024-02-24,14154.29,Hospital,Cardio
CL-922,PAT-6804,2024-08-30,1128.01,Clinic,Ortho
CL-923,PAT-8866,2023-03-27,11753.46,Lab,Ortho
CL-924,PAT-3185,2024-06-14,10447.91,Lab,Cardio
CL-925,PAT-7935,2023-09-18,8256.72,Hospital,Cardio
CL-926,PAT-3260,2024-03-02,2987.83,Lab,Ortho
CL-927,PAT-1205,2023-12-02,10981.73,Lab,General
CL-928,PAT-7942,2023-10-06,3920.44,Clinic,Neuro
CL-929,PAT-6934,2023-05-11,5870.91,Lab,General
CL-930,PAT-7556,2023-04-27,11323.96,Clinic,Ortho
CL-931,PAT-2450,2024-05-31,7226.59,Hospital,General
CL-932,PAT-4024,2023-01-01,9162.59,Lab,Neuro
CL-933,PAT-8832,2023-10-14,4217.11,Hospital,Neuro
CL-934,PAT-5824,2023-01-31,5257.64,Hospital,Cardio
CL-935,PAT-1103,2023-03-04,8386.34,Clinic,Neuro
CL-936,PAT-7584,2024-06-08,14605.5,Lab,Cardio
CL-937,PAT-5833,2024-07-28,5721.07,Clinic,General
CL-938,PAT-8669,2023-09-20,10226.45,Hospital,Ortho
CL-939,PAT-2819,2023-01-25,1261.58,Hospital,General
CL-940,PAT-3895,2024-05-04,3449.7,Hospital,Ortho
CL-941,PAT-4653,2024-08-12,10152.7,Lab,General
CL-942,PAT-1414,2024-10-01,4948.47,Lab,General
CL-943,PAT-3870,2023-04-19,7226.13,Lab,Cardio
CL-944,PAT-7570,2023-01-27,1393.78,Hospital,General
CL-945,PAT-8036,2023-06-05,2228.53,Hospital,General
CL-946,PAT-9691,2023-10-12,2123.26,Clinic,General
CL-947,PAT-5233,2023-09-05,7113.5,Clinic,Neuro
CL-948,PAT-5822,2023-06-04,1295.94,Clinic,Neuro
CL-949,PAT-6328,2023-06-27,1754.94,Clinic,Cardio
CL-950,PAT-3895,2023-01-24,3123.59,Lab,General
CL-951,PAT-7496,2023-10-28,7517.98,Lab,Neuro
CL-952,PAT-5866,2024-12-06,7814.55,Lab,Neuro
CL-953,PAT-5676,2023-10-19,2930.79,Hospital,General
CL-954,PAT-2961,2024-02-29,405.38,Lab,Ortho
CL-955,PAT-3675,2024-04-22,3403.2,Lab,Cardio
CL-956,PAT-1745,2023-06-29,12763.65,Hospital,Neuro
CL-957,PAT-8709,2024-06-07,11181.45,Hospital,Neuro
CL-958,PAT-5078,2024-09-15,3621.02,Lab,Neuro
CL-959,PAT-1328,2023-09-29,13449.2,Clinic,Ortho
CL-960,PAT-6600,2023-04-29,8446.47,Hospital,Ortho
CL-961,PAT-5144,2024-01-05,3983.11,Hospital,General
CL-962,PAT-3199,2024-04-05,7234.99,Lab,Neuro
CL-963,PAT-4496,2023-02-17,2310.95,Lab,Cardio
CL-964,PAT-3823,2024-04-13,8128.5,Lab,Ortho
CL-965,PAT-5937,2023-09-07,152.12,Hospital,Cardio
CL-966,PAT-7394,2023-11-10,14338.97,Lab,Cardio
CL-967,PAT-9164,2024-04-28,8639.76,Lab,Cardio
CL-968,PAT-7224,2023-12-16,12344.66,Lab,Cardio
CL-969,PAT-6171,2024-05-08,9261.76,Clinic,Neuro
CL-970,PAT-3803,2024-05-22,2967.48,Clinic,Cardio
CL-971,PAT-5079,2023-05-13,11582.64,Lab,Neuro
CL-972,PAT-4557,2023-07-02,6227.45,Clinic,Cardio
CL-973,PAT-1230,2023-11-07,12040.8,Hospital,Cardio
CL-974,PAT-5483,2023-12-11,13800.25,Lab,General
CL-975,PAT-4098,2024-12-08,3895.62,Hospital,General
CL-976,PAT-2177,2023-07-29,3495.16,Lab,Cardio
CL-977,PAT-7794,2024-08-22,13996.93,Lab,General
CL-978,PAT-5778,2023-12-04,9985.92,Hospital,Neuro
CL-979,PAT-5747,2024-08-02,10856.81,Hospital,Cardio
CL-980,PAT-6581,2023-11-11,14466.8,Lab,General
CL-981,PAT-7550,2024-01-20,6625.41,Lab,General
CL-982,PAT-6916,2023-01-17,10654.21,Hospital,Neuro
CL-983,PAT-6881,2024-03-08,10661.03,Clinic,Ortho
CL-984,PAT-1680,2024-05-06,2558.23,Lab,Cardio
CL-985,PAT-5511,2024-04-27,6222.09,Hospital,Cardio
CL-986,PAT-7521,2023-04-30,2514.82,Hospital,Cardio
CL-987,PAT-9283,2024-04-29,12059.35,Clinic,Cardio
CL-988,PAT-2537,2023-04-07,10816.22,Hospital,Cardio
CL-989,PAT-2494,2023-05-05,14822.53,Lab,Ortho
CL-990,PAT-2750,2023-08-09,9686.73,Clinic,Cardio
CL-991,PAT-4277,2024-08-01,5715.7,Clinic,Neuro
CL-992,PAT-8551,2024-03-12,3271.06,Lab,Neuro
CL-993,PAT-4051,2024-09-25,7617.64,Hospital,Neuro
CL-994,PAT-4091,2024-12-13,941.91,Clinic,General
CL-995,PAT-8520,2024-07-26,7782.39,Lab,Ortho
CL-996,PAT-7745,2024-08-30,6771.38,Clinic,General
CL-997,PAT-5414,2024-04-10,12068.57,Clinic,Neuro
CL-998,PAT-6181,2024-04-04,9892.78,Clinic,Ortho
CL-999,PAT-9264,2023-08-27,2991.82,Lab,Neuro
CL-1000,PAT-5802,2023-03-09,10780.04,Lab,Ortho
CL-1001,PAT-9079,2024-08-10,7686.44,Hospital,Cardio
CL-1002,PAT-2565,2024-06-21,4974.18,Hospital,General
CL-1003,PAT-1654,2023-05-25,7443.76,Hospital,Ortho
CL-1004,PAT-5239,2024-10-25,4442.1,Lab,Neuro
CL-1005,PAT-2660,2024-04-19,1206.25,Hospital,Cardio
CL-1006,PAT-8350,2023-04-23,5490.1,Clinic,Cardio
CL-1007,PAT-9625,2024-04-07,9928.16,Lab,Ortho
CL-1008,PAT-2753,2023-06-17,7314.42,Clinic,General
CL-1009,PAT-7520,2023-11-26,13922.25,Clinic,Neuro
CL-1010,PAT-8589,2023-09-13,13601.87,Hospital,General
CL-1011,PAT-3066,2023-09-04,13254.66,Lab,Ortho
CL-1012,PAT-3434,2023-12-08,9813.16,Hospital,Ortho
CL-1013,PAT-6521,2024-08-18,12868.47,Lab,Neuro
CL-1014,PAT-3384,2024-04-04,9592.15,Hospital,Cardio
CL-1015,PAT-6923,2023-12-15,12202.44,Clinic,Cardio
CL-1016,PAT-3739,2024-12-28,1040.16,Hospital,Cardio
CL-1017,PAT-9402,2023-10-13,12172.64,Clinic,Ortho
CL-1018,PAT-4490,2023-12-11,7161.65,Lab,Ortho
CL-1019,PAT-8915,2024-11-25,7370.33,Hospital,General
CL-1020,PAT-9399,2023-07-05,6272.8,Clinic,Ortho
CL-1021,PAT-1970,2024-09-02,14459.26,Lab,General
CL-1022,PAT-4185,2023-04-07,1033.46,Lab,Ortho
CL-1023,PAT-3375,2023-12-15,9492.81,Lab,Cardio
CL-1024,PAT-2147,2023-06-06,8183.32,Lab,Cardio
CL-1025,PAT-5035,2023-08-23,1514.42,Hospital,Ortho
CL-1026,PAT-4968,2023-01-18,8027.58,Lab,Cardio
CL-1027,PAT-2841,2023-04-30,12828.43,Clinic,Neuro
CL-1028,PAT-3144,2024-04-14,12785.9,Clinic,Neuro
CL-1029,PAT-8728,2023-12-03,10442.84,Clinic,Cardio
CL-1030,PAT-9451,2024-05-17,13730.35,Lab,General
CL-1031,PAT-9275,2024-02-14,1700.15,Clinic,General
CL-1032,PAT-3393,2023-04-07,425.53,Lab,Ortho
CL-1033,PAT-4747,2024-10-22,4719.38,Clinic,Neuro
CL-1034,PAT-4745,2024-11-10,11039.26,Hospital,Neuro
CL-1035,PAT-1742,2023-03-30,1244.0,Lab,Ortho
CL-1036,PAT-8007,2023-01-17,10132.81,Clinic,Cardio
CL-1037,PAT-2567,2024-12-07,9928.05,Hospital,Cardio
CL-1038,PAT-9796,2024-04-22,5101.6,Hospital,Ortho
CL-1039,PAT-1141,2024-10-23,6151.32,Lab,General
CL-1040,PAT-6389,2023-09-20,7389.48,Hospital,Cardio
CL-1041,PAT-4805,2024-02-13,3200.34,Clinic,Ortho
CL-1042,PAT-8723,2023-04-14,10117.28,Hospital,Cardio
CL-1043,PAT-8828,2023-12-18,2925.0,Hospital,Cardio
CL-1044,PAT-5645,2024-12-13,13309.6,Lab,Neuro
CL-1045,PAT-5130,2023-07-20,1509.04,Hospital,Cardio
CL-1046,PAT-6921,2024-06-20,11730.57,Clinic,Cardio
CL-1047,PAT-9024,2024-12-05,13995.95,Hospital,Cardio
CL-1048,PAT-9159,2024-06-16,8736.48,Lab,General
CL-1049,PAT-7157,2023-08-03,12469.48,Clinic,General
CL-1050,PAT-4038,2023-02-21,4745.59,Lab,General
CL-1051,PAT-3825,2023-11-22,9754.52,Lab,Ortho
CL-1052,PAT-1404,2023-01-19,4197.84,Lab,Ortho
CL-1053,PAT-7158,2023-11-22,4203.05,Clinic,General
CL-1054,PAT-6911,2024-08-20,5528.45,Clinic,Ortho
CL-1055,PAT-1805,2023-10-09,5406.64,Hospital,Neuro
CL-1056,PAT-6986,2024-02-17,5378.77,Clinic,Cardio
CL-1057,PAT-5491,2023-05-19,5187.89,Clinic,General
CL-1058,PAT-2446,2023-05-12,13790.83,Hospital,Neuro
CL-1059,PAT-5213,2024-09-29,9030.75,Lab,Neuro
CL-1060,PAT-2458,2023-06-28,3733.21,Clinic,Cardio
CL-1061,PAT-7861,2023-04-14,10017.76,Lab,Neuro
CL-1062,PAT-5718,2023-02-24,9679.02,Clinic,Cardio
CL-1063,PAT-7810,2023-12-01,9077.86,Lab,Cardio
CL-1064,PAT-7892,2024-07-09,12599.11,Hospital,Ortho
CL-1065,PAT-3883,2024-04-05,6439.53,Hospital,Cardio
CL-1066,PAT-8461,2024-02-01,6752.11,Clinic,Ortho
CL-1067,PAT-7547,2023-10-11,13787.56,Hospital,Cardio
CL-1068,PAT-3852,2023-06-26,3695.08,Hospital,Cardio
CL-1069,PAT-2251,2024-10-09,4316.83,Clinic,Neuro
CL-1070,PAT-1756,2023-05-17,9328.67,Hospital,Ortho
CL-1071,PAT-8805,2024-09-26,6211.23,Lab,Ortho
CL-1072,PAT-1020,2023-05-20,11549.14,Hospital,General
CL-1073,PAT-8900,2024-01-18,2968.93,Lab,Cardio
CL-1074,PAT-8127,2023-01-22,6534.21,Clinic,Neuro
CL-1075,PAT-5841,2024-06-22,14476.5,Lab,General
CL-1076,PAT-8248,2024-09-21,110.29,Hospital,Cardio
CL-1077,PAT-5327,2023-03-27,12318.83,Hospital,Ortho
CL-1078,PAT-2613,2024-09-29,10494.09,Lab,General
CL-1079,PAT-7781,2024-03-20,12019.2,Lab,General
CL-1080,PAT-4035,2024-01-05,11198.41,Lab,General
CL-1081,PAT-5955,2023-12-19,13623.63,Hospital,Ortho
CL-1082,PAT-1152,2023-06-11,6890.92,Lab,General
CL-1083,PAT-1138,2023-07-25,8879.37,Hospital,General
CL-1084,PAT-3365,2024-05-26,1836.54,Clinic,Neuro
CL-1085,PAT-2851,2024-02-06,4844.21,Hospital,Neuro
CL-1086,PAT-8135,2023-11-11,12693.52,Hospital,General
CL-1087,PAT-8078,2024-01-11,10382.39,Hospital,Neuro
CL-1088,PAT-7163,2024-06-29,13944.7,Lab,Ortho
CL-1089,PAT-2181,2023-12-30,13762.71,Hospital,Ortho
CL-1090,PAT-3370,2023-03-30,1784.4,Clinic,Neuro
CL-1091,PAT-1242,2024-05-20,2865.52,Clinic,Neuro
CL-1092,PAT-9851,2024-12-13,1451.33,Lab,Cardio
CL-1093,PAT-1730,2024-06-20,5455.8,Hospital,Neuro
CL-1094,PAT-3575,2023-12-07,6986.16,Hospital,Neuro
CL-1095,PAT-3958,2024-06-27,1777.02,Lab,Neuro
CL-1096,PAT-6090,2023-04-13,3528.55,Clinic,Neuro
CL-1097,PAT-6238,2023-01-07,5586.19,Clinic,General
CL-1098,PAT-6400,2023-02-11,12029.37,Clinic,General
CL-1099,PAT-5209,2024-06-27,8264.25,Hospital,Cardio
CL-1100,PAT-2240,2024-05-03,7552.94,Hospital,General
CL-1101,PAT-8517,2024-02-26,8054.84,Hospital,General
CL-1102,PAT-7944,2023-11-14,13079.29,Hospital,Cardio
CL-1103,PAT-1858,2023-05-28,9098.17,Clinic,Neuro
CL-1104,PAT-9243,2023-09-15,1334.55,Lab,General
CL-1105,PAT-9479,2023-09-11,788.55,Hospital,Ortho
CL-1106,PAT-6211,2024-06-27,5478.81,Lab,Ortho
CL-1107,PAT-8902,2023-01-13,4103.02,Hospital,Neuro
CL-1108,PAT-2549,2024-09-10,4453.65,Hospital,General
CL-1109,PAT-3473,2024-03-11,7325.92,Clinic,Ortho
CL-1110,PAT-9446,2023-06-15,6545.97,Lab,Ortho
CL-1111,PAT-6933,2024-06-08,549.08,Hospital,Cardio
CL-1112,PAT-1554,2023-01-07,14009.02,Clinic,Neuro
CL-1113,PAT-2657,2024-08-11,9849.74,Hospital,Neuro
CL-1114,PAT-1490,2023-11-14,12751.33,Lab,Cardio
CL-1115,PAT-9524,2023-06-02,12566.52,Lab,Ortho
CL-1116,PAT-3263,2023-02-12,13873.09,Lab,General
CL-1117,PAT-2673,2024-09-08,8064.46,Clinic,Neuro
CL-1118,PAT-7642,2023-12-15,1035.69,Hospital,General
CL-1119,PAT-5133,2023-09-19,4052.23,Clinic,Ortho
CL-1120,PAT-8737,2024-07-18,10741.99,Lab,Neuro
CL-1121,PAT-1147,2024-11-21,9710.57,Lab,Neuro
CL-1122,PAT-4990,2024-01-28,3377.16,Hospital,Cardio
CL-1123,PAT-9183,2023-09-07,1811.32,Hospital,Cardio
CL-1124,PAT-2470,2023-01-22,1484.61,Clinic,Neuro
CL-1125,PAT-2894,2024-04-21,5894.57,Lab,Cardio
CL-1126,PAT-5269,2024-02-19,14078.96,Hospital,Neuro
CL-1127,PAT-2067,2023-01-03,11325.2,Hospital,Cardio
CL-1128,PAT-7021,2023-01-07,7277.83,Hospital,Cardio
CL-1129,PAT-5791,2024-12-27,10683.05,Hospital,Ortho
CL-1130,PAT-6704,2023-07-09,3593.92,Hospital,Cardio
CL-1131,PAT-3325,2024-12-02,14813.0,Lab,General
CL-1132,PAT-7693,2023-06-05,10145.2,Lab,Ortho
CL-1133,PAT-1041,2023-11-12,11703.67,Hospital,General
CL-1134,PAT-8430,2024-09-14,1445.23,Lab,General
CL-1135,PAT-8079,2024-10-16,2515.38,Hospital,General
CL-1136,PAT-6371,2023-11-29,4373.91,Lab,Neuro
CL-1137,PAT-1284,2023-11-13,13452.5,Hospital,General
CL-1138,PAT-4078,2024-06-25,6392.06,Lab,General
CL-1139,PAT-6119,2023-09-17,11940.46,Clinic,Neuro
CL-1140,PAT-6119,2024-09-08,6811.78,Lab,Cardio
CL-1141,PAT-2278,2023-10-05,7381.4,Hospital,Cardio
CL-1142,PAT-6613,2024-01-17,8666.53,Hospital,Ortho
CL-1143,PAT-1376,2023-03-22,4536.5,Clinic,Neuro
CL-1144,PAT-6242,2024-01-31,341.25,Clinic,Neuro
CL-1145,PAT-4348,2024-11-28,2271.08,Clinic,General
CL-1146,PAT-1376,2023-01-25,6163.72,Hospital,Neuro
CL-1147,PAT-8620,2023-10-15,7521.35,Hospital,Neuro
CL-1148,PAT-7485,2023-11-29,12683.76,Clinic,Cardio
CL-1149,PAT-6426,2023-06-22,14423.26,Hospital,Neuro
CL-1150,PAT-7047,2024-08-19,9798.91,Hospital,Cardio
CL-1151,PAT-1888,2024-01-28,14117.55,Hospital,Neuro
CL-1152,PAT-3363,2024-03-29,5086.68,Hospital,Ortho
CL-1153,PAT-7537,2024-01-14,10510.21,Clinic,General
