transaction_id,customer_id,transaction_date,amount,account_type,region
TX-1,CUST-4167,2024-11-10,3535.67,Savings,US-East
TX-2,CUST-3024,2023-11-26,1642.35,Loan,US-West
TX-3,CUST-3185,2023-09-27,1074.02,Savings,US-East
TX-4,CUST-3511,2024-11-05,2574.43,Savings,US-East
TX-5,CUST-6404,2023-10-01,4182.75,Credit,US-West
TX-6,CUST-4175,2024-11-12,4017.62,Credit,US-West
TX-7,CUST-9444,2023-01-19,4301.27,Loan,EU
TX-8,CUST-9130,2023-08-24,309.12,Savings,APAC
TX-9,CUST-6773,2024-05-13,1917.04,Credit,US-East
TX-10,CUST-8844,2023-05-19,4638.67,Savings,EU
TX-11,CUST-5810,2024-10-09,3378.02,Credit,EU
TX-12,CUST-1093,2024-07-13,289.9,Savings,APAC
TX-13,CUST-5947,2024-05-22,3096.99,Savings,US-East
TX-14,CUST-4144,2024-05-30,3263.31,Savings,APAC
TX-15,CUST-9959,2024-02-14,1636.79,Savings,EU
TX-16,CUST-3873,2023-10-02,314.62,Savings,US-East
TX-17,CUST-1244,2024-07-31,2514.85,Credit,US-East
TX-18,CUST-8737,2024-12-13,4342.4,Savings,APAC
TX-19,CUST-8251,2023-05-23,2853.3,Savings,APAC
TX-20,CUST-8325,2024-03-21,1181.92,Loan,EU
TX-21,CUST-9847,2024-03-25,1252.58,Loan,APAC
TX-22,CUST-8923,2023-01-03,2367.3,Credit,APAC
TX-23,CUST-8226,2023-06-26,3528.02,Loan,US-East
TX-24,CUST-8413,2023-10-16,4846.39,Loan,US-West
TX-25,CUST-6374,2024-08-26,676.0,Credit,US-West
TX-26,CUST-3877,2024-04-07,2380.54,Credit,US-West
TX-27,CUST-1941,2023-09-06,2755.74,Loan,US-East
TX-28,CUST-2725,2024-07-17,3867.65,Savings,EU
TX-29,CUST-9853,2023-01-20,3619.56,Savings,US-West
TX-30,CUST-6985,2023-12-09,4393.17,Savings,US-East
TX-31,CUST-2543,2023-09-29,1876.49,Savings,APAC
TX-32,CUST-6902,2024-12-05,1237.75,Credit,US-West
TX-33,CUST-9529,2024-08-01,3543.51,Loan,EU
TX-34,CUST-1730,2024-07-22,974.52,Savings,US-East
TX-35,CUST-3130,2023-02-26,1966.56,Loan,EU
TX-36,CUST-3158,2023-03-17,3395.67,Savings,EU
TX-37,CUST-7265,2023-02-10,1434.39,Credit,EU
TX-38,CUST-3810,2024-04-13,230.31,Savings,APAC
TX-39,CUST-6938,2023-02-21,1179.42,Savings,US-West
TX-40,CUST-6310,2023-02-20,3973.68,Loan,US-East
TX-41,CUST-4790,2023-10-27,4922.39,Savings,APAC
TX-42,CUST-6874,2024-10-01,4053.53,Credit,US-East
TX-43,CUST-7507,2024-10-13,4588.96,Credit,APAC
TX-44,CUST-7127,2023-08-17,4321.67,Savings,APAC
TX-45,CUST-6912,2023-01-11,3247.93,Credit,US-West
TX-46,CUST-2725,2024-05-25,1946.14,Savings,US-West
TX-47,CUST-2232,2023-10-08,2265.47,Savings,US-East
TX-48,CUST-9808,2024-04-27,2365.36,Savings,US-West
TX-49,CUST-4677,2024-03-09,4444.8,Credit,US-West
TX-50,CUST-1256,2023-12-12,4558.58,Loan,US-West
TX-51,CUST-3990,2023-06-21,2211.08,Savings,APAC
TX-52,CUST-7766,2023-07-02,1722.19,Credit,US-West
TX-53,CUST-2306,2023-03-15,955.47,Savings,APAC
TX-54,CUST-1909,2024-03-22,1146.18,Savings,US-East
TX-55,CUST-9515,2024-01-19,4609.76,Savings,US-East
TX-56,CUST-2695,2024-12-19,2327.32,Credit,APAC
TX-57,CUST-2426,2024-10-25,2971.13,Loan,EU
TX-58,CUST-3825,2023-10-24,4973.24,Savings,APAC
TX-59,CUST-8195,2024-07-30,679.16,Credit,EU
TX-60,CUST-2789,2023-07-29,3288.44,Loan,US-East
TX-61,CUST-4653,2023-04-14,1641.63,Credit,APAC
TX-62,CUST-6494,2023-02-23,1345.27,Loan,EU
TX-63,CUST-4129,2023-04-15,1261.49,Savings,EU
TX-64,CUST-7811,2023-06-07,1099.62,Loan,US-West
TX-65,CUST-5394,2024-04-07,834.34,Savings,APAC
TX-66,CUST-7475,2024-01-28,103.45,Savings,APAC
TX-67,CUST-1446,2023-04-19,656.28,Credit,APAC
TX-68,CUST-5537,2023-08-06,2435.87,Credit,US-East
TX-69,CUST-8741,2024-04-10,1449.2,Credit,APAC
TX-70,CUST-7981,2023-01-30,852.81,Credit,US-West
TX-71,CUST-1364,2023-09-26,3882.54,Loan,US-East
TX-72,CUST-1179,2024-04-24,3138.6,Loan,APAC
TX-73,CUST-1773,2024-05-24,2243.05,Savings,APAC
TX-74,CUST-6202,2023-08-13,1234.33,Savings,US-West
TX-75,CUST-1481,2023-07-11,2942.38,Loan,EU
TX-76,CUST-5477,2024-01-25,1606.45,Savings,APAC
TX-77,CUST-1865,2024-06-21,4329.48,Savings,EU
TX-78,CUST-5018,2023-03-14,3074.57,Savings,APAC
TX-79,CUST-4770,2024-12-10,3793.36,Credit,APAC
TX-80,CUST-6372,2023-01-13,4098.36,Loan,EU
TX-81,CUST-1148,2023-05-02,529.25,Credit,US-East
TX-82,CUST-6392,2024-08-02,2077.33,Savings,EU
TX-83,CUST-5803,2023-11-26,2416.1,Loan,EU
TX-84,CUST-4160,2024-03-08,1311.1,Loan,EU
TX-85,CUST-3648,2023-05-26,2549.42,Savings,APAC
TX-86,CUST-1870,2024-05-17,1352.03,Savings,EU
TX-87,CUST-9462,2024-06-03,1362.19,Loan,APAC
TX-88,CUST-6769,2024-09-05,607.42,Savings,EU
TX-89,CUST-5893,2023-09-18,1301.19,Loan,EU
TX-90,CUST-5382,2024-11-22,3983.58,Credit,US-East
TX-91,CUST-8727,2023-04-19,2570.11,Credit,US-East
TX-92,CUST-5890,2023-07-22,581.7,Savings,APAC
TX-93,CUST-1986,2023-02-16,4733.07,Credit,US-East
TX-94,CUST-1906,2024-01-15,1546.27,Credit,APAC
TX-95,CUST-8939,2024-09-16,4739.77,Credit,EU
TX-96,CUST-4081,2023-11-25,4443.66,Savings,EU
TX-97,CUST-3933,2024-03-17,3780.72,Credit,APAC
TX-98,CUST-2741,2024-12-11,3019.43,Loan,US-East
TX-99,CUST-9282,2023-06-16,4320.72,Credit,US-East
TX-100,CUST-7007,2024-05-30,4274.31,Savings,EU
TX-101,CUST-5490,2023-03-15,2004.98,Savings,APAC
TX-102,CUST-3670,2024-12-30,3615.85,Savings,US-East
TX-103,CUST-9330,2024-04-03,992.55,Credit,US-West
TX-104,CUST-5300,2024-12-26,4039.16,Credit,US-East
TX-105,CUST-8002,2024-10-01,1807.23,Savings,US-West
TX-106,CUST-3335,2023-08-14,779.89,Credit,APAC
TX-107,CUST-1713,2024-05-12,3316.36,Savings,APAC
TX-108,CUST-1256,2024-07-30,3049.77,Credit,US-East
TX-109,CUST-9652,2024-07-24,4410.97,Savings,EU
TX-110,CUST-2832,2023-06-07,4290.23,Savings,EU
TX-111,CUST-5151,2024-07-30,1738.05,Credit,US-East
TX-112,CUST-8616,2023-09-14,845.53,Credit,EU
TX-113,CUST-3096,2024-10-20,2462.97,Savings,US-West
TX-114,CUST-6121,2023-05-25,2180.07,Savings,US-East
TX-115,CUST-5939,2024-03-19,4572.95,Loan,EU
TX-116,CUST-7200,2024-07-15,3956.99,Credit,US-East
TX-117,CUST-1045,2023-06-19,2656.64,Loan,EU
TX-118,CUST-4219,2023-08-18,3359.1,Credit,APAC
TX-119,CUST-5183,2023-03-29,4344.83,Savings,US-West
TX-120,CUST-4644,2024-08-28,4076.36,Credit,US-West
TX-121,CUST-3108,2024-11-28,1219.87,Credit,EU
TX-122,CUST-6279,2023-08-25,328.42,Savings,US-West
TX-123,CUST-8939,2024-04-17,2691.4,Credit,US-West
TX-124,CUST-1382,2023-01-17,2587.25,Credit,EU
TX-125,CUST-2509,2024-02-10,3393.89,Loan,EU
TX-126,CUST-8714,2024-10-05,852.75,Savings,US-West
TX-127,CUST-4960,2023-05-27,4925.4,Savings,US-West
TX-128,CUST-3709,2024-01-10,4383.05,Savings,APAC
TX-129,CUST-9080,2024-11-10,1897.38,Savings,US-East
TX-130,CUST-7604,2024-04-03,985.93,Loan,US-West
TX-131,CUST-8785,2023-12-30,1525.38,Credit,US-West
TX-132,CUST-8372,2023-12-03,439.55,Loan,US-West
TX-133,CUST-2298,2023-01-07,491.65,Savings,US-West
TX-134,CUST-5711,2024-07-26,2827.69,Credit,US-West
TX-135,CUST-8370,2024-06-26,518.96,Loan,US-East
TX-136,CUST-1765,2024-01-19,3622.91,Loan,US-East
TX-137,CUST-3666,2024-04-08,854.37,Loan,US-West
TX-138,CUST-3181,2024-09-10,1287.01,Credit,US-East
TX-139,CUST-6899,2023-01-23,2371.75,Credit,US-East
TX-140,CUST-8226,2023-06-13,2503.67,Loan,US-East
TX-141,CUST-9848,2023-03-31,2197.2,Savings,APAC
TX-142,CUST-3580,2024-06-16,3455.15,Loan,APAC
TX-143,CUST-4138,2024-09-16,475.26,Credit,APAC
TX-144,CUST-4022,2023-03-09,1982.36,Savings,APAC
TX-145,CUST-2074,2024-11-23,1870.16,Savings,APAC
TX-146,CUST-2986,2024-08-08,3335.49,Loan,US-West
TX-147,CUST-3176,2023-10-18,957.86,Credit,EU
TX-148,CUST-5608,2024-10-04,2626.26,Loan,US-East
TX-149,CUST-1600,2024-02-21,224.11,Savings,US-West
TX-150,CUST-5483,2023-08-29,714.3,Loan,US-East
TX-151,CUST-5482,2024-04-15,2809.25,Loan,APAC
TX-152,CUST-8396,2023-06-20,1015.79,Credit,US-East
TX-153,CUST-6241,2023-08-15,3401.03,Loan,US-East
TX-154,CUST-3588,2024-03-26,2053.29,Savings,US-West
TX-155,CUST-4218,2024-11-16,2423.3,Credit,US-East
TX-156,CUST-8034,2023-05-22,4512.16,Savings,US-East
TX-157,CUST-5150,2023-11-03,3090.14,Savings,US-East
TX-158,CUST-7468,2024-12-10,1576.92,Loan,US-East
TX-159,CUST-1864,2024-12-17,4276.64,Credit,US-East
TX-160,CUST-2502,2024-08-11,2261.36,Credit,APAC
TX-161,CUST-5001,2024-03-08,2225.35,Loan,US-East
TX-162,CUST-4041,2023-09-05,4809.02,Loan,US-East
TX-163,CUST-9123,2023-11-23,591.31,Credit,US-East
TX-164,CUST-7806,2023-10-13,1394.95,Savings,EU
TX-165,CUST-7107,2024-09-28,3360.33,Credit,US-East
TX-166,CUST-6024,2023-05-01,692.43,Credit,US-West
TX-167,CUST-8961,2023-02-08,1668.36,Credit,US-East
TX-168,CUST-9480,2023-07-19,4192.79,Savings,US-East
TX-169,CUST-4574,2023-09-05,608.65,Loan,US-West
TX-170,CUST-4133,2024-05-14,2768.88,Savings,US-West
TX-171,CUST-3888,2024-10-04,1656.81,Credit,US-East
TX-172,CUST-7249,2024-11-21,4797.61,Credit,US-West
TX-173,CUST-1892,2024-01-22,3630.8,Credit,APAC
TX-174,CUST-1897,2024-12-11,1397.59,Savings,EU
TX-175,CUST-8768,2023-07-22,2307.99,Savings,EU
TX-176,CUST-3515,2023-03-13,2053.04,Savings,US-East
TX-177,CUST-7616,2023-09-15,3870.33,Credit,US-East
TX-178,CUST-7633,2023-11-22,2321.9,Savings,US-West
TX-179,CUST-9899,2023-12-16,3038.53,Loan,EU
TX-180,CUST-6969,2023-06-03,2527.88,Savings,EU
TX-181,CUST-1632,2024-02-15,2564.09,Credit,APAC
TX-182,CUST-6591,2023-04-20,3335.77,Loan,US-East
TX-183,CUST-2054,2024-01-16,4475.79,Savings,US-West
TX-184,CUST-3389,2024-04-26,1867.49,Credit,US-East
TX-185,CUST-4663,2023-07-11,2089.88,Loan,APAC
TX-186,CUST-7780,2024-03-02,4587.38,Savings,APAC
TX-187,CUST-4858,2024-10-22,3614.5,Savings,US-East
TX-188,CUST-6914,2023-09-30,2471.69,Savings,APAC
TX-189,CUST-9399,2024-09-28,2633.22,Savings,APAC
TX-190,CUST-9118,2024-05-31,3638.32,Credit,US-East
TX-191,CUST-2461,2024-03-20,1902.81,Credit,US-East
TX-192,CUST-5775,2023-12-04,3943.3,Loan,US-East
TX-193,CUST-7766,2023-05-26,4211.13,Loan,APAC
TX-194,CUST-7142,2024-05-09,1715.43,Loan,US-West
TX-195,CUST-3484,2024-01-03,4514.48,Credit,US-West
TX-196,CUST-9186,2024-06-24,1636.65,Savings,US-East
TX-197,CUST-8743,2023-12-11,987.98,Savings,APAC
TX-198,CUST-7312,2023-02-02,2591.5,Credit,APAC
TX-199,CUST-4563,2024-01-28,2230.15,Credit,US-East
TX-200,CUST-7182,2024-09-03,252.71,Credit,US-West
TX-201,CUST-3114,2023-07-16,3353.39,Loan,EU
TX-202,CUST-6873,2023-08-25,687.3,Loan,US-West
TX-203,CUST-3520,2024-07-06,2219.58,Savings,US-East
TX-204,CUST-4683,2024-07-14,1631.97,Credit,APAC
TX-205,CUST-9055,2023-06-27,779.89,Credit,EU
TX-206,CUST-2868,2024-10-09,3774.43,Savings,APAC
TX-207,CUST-7403,2024-01-08,3363.46,Savings,US-East
TX-208,CUST-7010,2023-09-11,239.89,Loan,US-East
TX-209,CUST-7212,2023-03-22,1617.16,Credit,US-East
TX-210,CUST-7034,2023-07-27,3646.16,Credit,APAC
TX-211,CUST-7476,2023-03-18,914.32,Loan,US-West
TX-212,CUST-4271,2024-03-02,4932.32,Credit,US-West
TX-213,CUST-9606,2023-12-19,4825.22,Savings,US-East
TX-214,CUST-6607,2023-05-11,903.61,Loan,EU
TX-215,CUST-8399,2023-07-14,513.6,Loan,US-West
TX-216,CUST-8498,2024-03-02,1592.93,Credit,APAC
TX-217,CUST-2472,2024-02-17,408.17,Savings,EU
TX-218,CUST-6266,2023-09-16,2985.27,Loan,US-East
TX-219,CUST-5722,2023-12-31,3463.19,Savings,APAC
TX-220,CUST-2100,2024-11-03,544.93,Credit,EU
TX-221,CUST-4670,2023-04-14,293.35,Loan,EU
TX-222,CUST-5995,2024-04-22,2710.03,Loan,US-East
TX-223,CUST-1502,2023-11-12,1433.37,Credit,APAC
TX-224,CUST-2050,2023-03-11,4615.42,Savings,US-East
TX-225,CUST-4916,2023-11-02,2066.54,Savings,APAC
TX-226,CUST-9095,2023-01-22,2856.81,Credit,APAC
TX-227,CUST-2573,2023-02-17,2136.69,Savings,EU
TX-228,CUST-7250,2023-07-07,2660.91,Loan,APAC
TX-229,CUST-2160,2023-12-02,4379.3,Savings,US-East
TX-230,CUST-5635,2023-03-13,439.56,Savings,APAC
TX-231,CUST-9370,2024-03-09,3017.18,Savings,APAC
TX-232,CUST-2212,2024-07-31,4611.03,Savings,APAC
TX-233,CUST-6283,2023-09-12,2155.51,Savings,US-West
TX-234,CUST-2340,2023-06-23,1347.07,Savings,US-West
TX-235,CUST-6189,2023-12-04,1022.38,Loan,APAC
TX-236,CUST-2292,2024-09-22,4684.39,Savings,US-East
TX-237,CUST-3758,2024-06-12,2662.78,Credit,EU
TX-238,CUST-9494,2023-03-28,2544.25,Savings,US-West
TX-239,CUST-1832,2024-07-13,4622.53,Loan,EU
TX-240,CUST-4785,2024-04-11,3171.27,Credit,EU
TX-241,CUST-1684,2023-05-21,4666.57,Credit,APAC
TX-242,CUST-1227,2023-10-08,3210.35,Loan,APAC
TX-243,CUST-2709,2024-10-24,1742.58,Credit,US-East
TX-244,CUST-1768,2024-01-16,1135.64,Credit,EU
TX-245,CUST-2331,2023-03-11,4286.32,Savings,APAC
TX-246,CUST-8126,2024-04-25,237.21,Savings,US-East
TX-247,CUST-3793,2023-06-24,620.74,Savings,EU
TX-248,CUST-2883,2023-12-14,4280.11,Loan,EU
TX-249,CUST-5080,2024-02-06,2185.97,Loan,US-East
TX-250,CUST-4424,2024-03-20,398.32,Loan,APAC
TX-251,CUST-7673,2024-11-09,3590.57,Credit,US-East
TX-252,CUST-3018,2023-03-17,4723.27,Savings,APAC
TX-253,CUST-9216,2024-03-07,1042.32,Credit,EU
TX-254,CUST-2189,2024-12-03,3326.3,Loan,US-East
TX-255,CUST-4157,2024-07-27,4200.82,Credit,US-West
TX-256,CUST-4688,2023-11-14,1221.01,Savings,EU
TX-257,CUST-5023,2024-09-14,4220.16,Loan,US-West
TX-258,CUST-4215,2024-10-19,636.39,Savings,US-West
TX-259,CUST-1232,2023-09-28,4190.93,Loan,EU
TX-260,CUST-1233,2024-01-03,2069.02,Savings,EU
TX-261,CUST-1889,2024-08-14,121.85,Savings,US-West
TX-262,CUST-1731,2023-12-30,1008.9,Credit,APAC
TX-263,CUST-8624,2023-05-15,3018.54,Loan,EU
TX-264,CUST-9232,2023-10-23,4465.77,Credit,EU
TX-265,CUST-6229,2023-08-09,3286.2,Credit,APAC
TX-266,CUST-3949,2023-06-15,3746.02,Credit,US-East
TX-267,CUST-2115,2024-04-27,568.07,Credit,EU
TX-268,CUST-8313,2023-04-11,2030.77,Savings,US-East
TX-269,CUST-9090,2023-06-12,2235.59,Credit,EU
TX-270,CUST-6403,2023-12-25,3544.99,Savings,APAC
TX-271,CUST-7030,2024-06-16,4430.39,Credit,US-East
TX-272,CUST-9498,2023-12-05,1382.14,Savings,EU
TX-273,CUST-9107,2024-12-05,4960.86,Savings,EU
TX-274,CUST-7747,2023-10-30,4038.09,Credit,EU
TX-275,CUST-2550,2024-10-08,61.62,Savings,US-East
TX-276,CUST-1537,2024-03-04,613.12,Credit,US-East
TX-277,CUST-7539,2023-12-17,933.33,Loan,EU
TX-278,CUST-1080,2023-02-05,3185.65,Credit,EU
TX-279,CUST-1756,2024-09-14,520.45,Credit,APAC
TX-280,CUST-7852,2024-04-15,3003.78,Loan,US-West
TX-281,CUST-1672,2024-03-14,610.02,Savings,US-East
TX-282,CUST-1444,2024-12-19,2403.03,Loan,APAC
TX-283,CUST-5008,2024-03-08,768.27,Savings,US-West
TX-284,CUST-1493,2023-11-07,3334.34,Credit,APAC
TX-285,CUST-1658,2024-10-27,3034.92,Credit,EU
TX-286,CUST-5350,2023-07-27,3363.27,Loan,US-West
TX-287,CUST-9953,2023-07-09,4400.46,Savings,APAC
TX-288,CUST-1755,2024-02-27,2368.88,Savings,APAC
TX-289,CUST-5150,2024-05-24,212.36,Credit,EU
TX-290,CUST-2689,2023-10-20,4914.13,Loan,US-East
TX-291,CUST-6789,2023-09-16,4533.95,Loan,EU
TX-292,CUST-8548,2024-07-14,4612.55,Savings,US-East
TX-293,CUST-3409,2024-08-11,3560.44,Loan,US-East
TX-294,CUST-3268,2023-04-01,2263.71,Credit,US-East
TX-295,CUST-8358,2024-11-05,1523.48,Savings,EU
TX-296,CUST-9744,2024-04-14,4570.83,Loan,US-West
TX-297,CUST-9104,2023-07-13,1402.14,Loan,APAC
TX-298,CUST-8416,2024-05-12,567.18,Credit,US-West
TX-299,CUST-2897,2024-10-12,523.98,Credit,APAC
TX-300,CUST-5374,2024-03-15,359.12,Savings,US-West
TX-301,CUST-8255,2024-10-03,4205.07,Savings,US-East
TX-302,CUST-3722,2023-08-24,3401.51,Loan,APAC
TX-303,CUST-7686,2024-05-16,2308.81,Savings,US-West
TX-304,CUST-7857,2024-10-04,1715.48,Credit,US-East
TX-305,CUST-2384,2023-11-04,3738.47,Credit,US-East
TX-306,CUST-9252,2023-05-05,2645.96,Credit,EU
TX-307,CUST-7609,2023-08-31,1265.88,Savings,US-East
TX-308,CUST-1958,2024-06-16,539.89,Credit,APAC
TX-309,CUST-3970,2023-01-12,311.15,Savings,APAC
TX-310,CUST-1761,2023-04-24,4444.9,Loan,APAC
TX-311,CUST-6664,2023-03-03,4038.67,Loan,EU
TX-312,CUST-6824,2024-03-31,3569.39,Credit,US-East
TX-313,CUST-1594,2023-01-25,3544.12,Loan,APAC
TX-314,CUST-4675,2023-01-01,1823.89,Savings,US-East
TX-315,CUST-5181,2024-04-20,4307.36,Credit,EU
TX-316,CUST-3810,2023-01-21,4829.98,Savings,US-West
TX-317,CUST-4514,2023-02-18,4110.37,Credit,EU
TX-318,CUST-2377,2023-03-16,2103.49,Credit,US-West
TX-319,CUST-6756,2023-11-15,4174.69,Credit,US-West
TX-320,CUST-4937,2023-02-11,2455.98,Loan,EU
TX-321,CUST-5027,2023-09-22,3707.07,Savings,APAC
TX-322,CUST-6938,2023-04-07,2108.08,Credit,US-West
TX-323,CUST-2359,2023-03-09,1236.56,Savings,APAC
TX-324,CUST-8933,2023-08-09,4881.59,Loan,APAC
TX-325,CUST-1770,2023-03-15,995.71,Credit,EU
TX-326,CUST-9000,2023-11-28,1974.81,Loan,APAC
TX-327,CUST-7025,2023-04-25,2168.18,Credit,US-West
TX-328,CUST-3865,2024-06-09,670.94,Credit,EU
TX-329,CUST-7185,2024-04-09,2439.51,Loan,US-West
TX-330,CUST-5262,2024-08-07,1248.81,Credit,US-East
TX-331,CUST-7255,2023-10-01,4947.24,Savings,EU
TX-332,CUST-5419,2024-02-18,678.33,Credit,US-East
TX-333,CUST-6731,2023-11-03,2624.91,Credit,US-West
TX-334,CUST-5541,2024-12-09,3963.48,Credit,US-East
TX-335,CUST-1264,2023-04-03,2717.96,Credit,APAC
TX-336,CUST-6097,2024-09-28,3532.47,Loan,US-West
TX-337,CUST-7461,2023-04-23,3557.97,Credit,EU
TX-338,CUST-7010,2024-03-15,3917.22,Loan,US-East
TX-339,CUST-7065,2023-05-12,560.58,Loan,APAC
TX-340,CUST-5677,2023-06-20,3405.58,Loan,US-East
TX-341,CUST-2249,2024-04-17,2132.12,Savings,US-East
TX-342,CUST-2245,2024-09-06,146.54,Loan,EU
TX-343,CUST-1442,2024-08-02,3271.79,Credit,APAC
TX-344,CUST-8058,2024-09-22,3208.56,Credit,US-East
TX-345,CUST-2031,2024-07-16,713.89,Savings,EU
TX-346,CUST-8862,2024-12-04,807.07,Loan,US-East
TX-347,CUST-2291,2024-02-21,2641.53,Savings,US-East
TX-348,CUST-3939,2023-01-10,147.64,Credit,US-East
TX-349,CUST-8972,2023-07-29,1076.05,Savings,US-West
TX-350,CUST-3775,2024-12-17,1483.43,Loan,APAC
TX-351,CUST-5997,2024-06-30,4657.95,Savings,US-East
TX-352,CUST-1740,2023-12-12,1312.68,Savings,EU
TX-353,CUST-6153,2023-09-23,4063.6,Loan,APAC
TX-354,CUST-9592,2024-12-24,575.32,Loan,US-West
TX-355,CUST-5846,2023-09-25,3646.69,Savings,US-West
TX-356,CUST-2973,2024-06-29,533.21,Loan,EU
TX-357,CUST-8641,2024-06-20,1829.74,Loan,EU
TX-358,CUST-5858,2024-01-25,72.3,Savings,EU
TX-359,CUST-1120,2024-08-27,599.62,Savings,EU
TX-360,CUST-8236,2024-03-21,3164.13,Credit,EU
TX-361,CUST-9177,2024-09-17,3318.91,Credit,US-East
TX-362,CUST-6828,2023-10-20,3355.64,Loan,EU
TX-363,CUST-9994,2024-11-22,3964.71,Credit,US-West
TX-364,CUST-6539,2023-06-03,561.72,Savings,APAC
TX-365,CUST-2151,2024-01-08,473.72,Loan,EU
TX-366,CUST-5747,2023-06-25,221.96,Loan,EU
TX-367,CUST-5681,2023-06-16,3043.77,Savings,APAC
TX-368,CUST-8494,2023-07-01,4086.66,Loan,EU
TX-369,CUST-1713,2023-04-03,2627.24,Credit,EU
TX-370,CUST-2207,2023-04-05,748.49,Savings,US-East
TX-371,CUST-8073,2023-09-22,174.44,Loan,EU
TX-372,CUST-3693,2024-09-17,3994.4,Savings,APAC
TX-373,CUST-9953,2024-06-08,4492.77,Savings,US-West
TX-374,CUST-2555,2024-07-15,3933.46,Savings,US-East
TX-375,CUST-2787,2023-05-20,4159.45,Savings,APAC
TX-376,CUST-9065,2023-06-27,4151.22,Loan,US-West
TX-377,CUST-9328,2023-07-09,3557.95,Loan,US-East
TX-378,CUST-6067,2023-09-14,1045.63,Credit,EU
TX-379,CUST-8887,2024-02-19,3978.48,Loan,US-West
TX-380,CUST-4897,2023-05-26,4731.63,Loan,EU
TX-381,CUST-7454,2024-08-23,3746.38,Loan,EU
TX-382,CUST-3867,2024-05-01,964.02,Savings,US-West
TX-383,CUST-3980,2023-04-04,1094.09,Savings,APAC
TX-384,CUST-5759,2024-05-06,2815.18,Loan,EU
TX-385,CUST-6373,2024-08-03,4025.22,Savings,US-West
TX-386,CUST-5796,2024-05-25,1458.75,Loan,US-East
TX-387,CUST-1815,2024-11-15,940.0,Loan,US-West
TX-388,CUST-7516,2024-02-21,3777.28,Loan,US-West
TX-389,CUST-1107,2024-08-06,2365.9,Savings,US-West
TX-390,CUST-8283,2024-08-08,2764.58,Credit,EU
TX-391,CUST-3282,2024-07-06,2677.75,Credit,EU
TX-392,CUST-5952,2024-12-04,4224.35,Credit,US-East
TX-393,CUST-3260,2024-04-26,3271.47,Savings,APAC
TX-394,CUST-9774,2024-12-26,361.14,Savings,APAC
TX-395,CUST-4038,2024-11-27,3730.54,Loan,US-West
TX-396,CUST-3274,2024-02-27,2146.02,Credit,US-East
TX-397,CUST-2068,2024-04-16,3331.39,Savings,US-West
TX-398,CUST-2950,2023-04-02,3370.59,Savings,US-East
TX-399,CUST-2387,2023-06-28,4783.42,Savings,US-West
TX-400,CUST-9471,2023-01-19,3743.96,Loan,US-East
TX-401,CUST-8843,2024-11-10,2277.07,Loan,US-East
TX-402,CUST-6556,2024-03-13,4661.1,Savings,US-East
TX-403,CUST-4033,2023-01-14,2299.69,Credit,EU
TX-404,CUST-7708,2024-06-13,2573.13,Credit,EU
TX-405,CUST-6315,2023-10-27,1783.85,Loan,EU
TX-406,CUST-5923,2024-08-24,287.39,Loan,APAC
TX-407,CUST-3984,2023-05-11,1922.46,Credit,APAC
TX-408,CUST-1607,2023-01-26,107.05,Loan,US-West
TX-409,CUST-2074,2023-01-05,57.82,Savings,US-East
TX-410,CUST-4838,2023-01-11,278.98,Savings,APAC
TX-411,CUST-7103,2024-06-23,1271.4,Loan,APAC
TX-412,CUST-7783,2024-04-19,3362.82,Loan,US-West
TX-413,CUST-6914,2024-07-10,3287.41,Savings,US-West
TX-414,CUST-8211,2023-05-22,4300.43,Credit,US-East
TX-415,CUST-1081,2023-05-15,4487.54,Savings,EU
TX-416,CUST-8410,2024-07-20,4594.15,Loan,US-East
TX-417,CUST-8993,2024-02-23,4224.7,Savings,EU
TX-418,CUST-2758,2024-07-05,1388.4,Loan,US-West
TX-419,CUST-3292,2024-04-22,550.39,Loan,EU
TX-420,CUST-7991,2023-04-25,125.56,Savings,APAC
TX-421,CUST-2041,2023-01-12,309.41,Loan,US-East
TX-422,CUST-7109,2024-12-30,2636.74,Credit,US-East
TX-423,CUST-4046,2023-10-30,1990.11,Savings,US-East
TX-424,CUST-4067,2024-06-04,2126.59,Savings,EU
TX-425,CUST-5267,2023-11-23,3831.98,Savings,US-West
TX-426,CUST-4659,2023-06-13,4061.0,Savings,APAC
TX-427,CUST-1756,2024-04-21,4344.01,Savings,APAC
TX-428,CUST-7487,2023-10-04,739.52,Savings,US-East
TX-429,CUST-1258,2023-11-03,1581.15,Credit,APAC
TX-430,CUST-4017,2023-09-03,809.16,Loan,US-West
TX-431,CUST-1784,2024-01-08,1832.8,Savings,US-East
TX-432,CUST-9532,2024-07-16,3275.81,Loan,US-West
TX-433,CUST-1068,2023-08-24,1298.4,Savings,US-East
TX-434,CUST-7993,2023-04-09,2313.72,Savings,US-East
TX-435,CUST-1573,2023-04-29,825.98,Credit,EU
TX-436,CUST-7127,2023-01-08,2248.36,Savings,EU
TX-437,CUST-3196,2024-05-02,4844.76,Loan,US-East
TX-438,CUST-7050,2024-07-08,3947.38,Savings,US-West
TX-439,CUST-5526,2024-08-26,724.44,Savings,APAC
TX-440,CUST-3593,2023-03-17,3325.38,Savings,US-West
TX-441,CUST-4869,2023-03-29,3312.82,Loan,APAC
TX-442,CUST-8822,2024-01-31,621.81,Loan,US-East
TX-443,CUST-9554,2024-01-17,376.18,Loan,US-West
TX-444,CUST-8147,2024-04-08,382.11,Loan,APAC
TX-445,CUST-9218,2024-04-15,4149.65,Savings,APAC
TX-446,CUST-1318,2023-06-30,3435.02,Loan,EU
TX-447,CUST-4956,2023-09-17,4504.55,Loan,EU
TX-448,CUST-7875,2023-12-02,2247.74,Credit,APAC
TX-449,CUST-2278,2024-05-28,1439.51,Credit,US-East
TX-450,CUST-7900,2024-09-11,1755.3,Credit,US-West
TX-451,CUST-8496,2024-09-03,1146.56,Savings,US-East
TX-452,CUST-6430,2024-02-11,3891.09,Savings,US-East
TX-453,CUST-7158,2024-11-17,1582.93,Loan,US-West
TX-454,CUST-4331,2024-11-01,3294.49,Savings,EU
TX-455,CUST-1330,2023-06-14,378.14,Savings,US-West
TX-456,CUST-8232,2024-01-22,56.71,Savings,EU
TX-457,CUST-6913,2023-01-30,815.69,Savings,APAC
TX-458,CUST-9085,2024-02-03,443.62,Savings,US-West
TX-459,CUST-9851,2024-09-08,2119.75,Savings,US-East
TX-460,CUST-2793,2023-11-10,4519.24,Credit,APAC
TX-461,CUST-7170,2023-01-29,124.24,Savings,US-East
TX-462,CUST-5155,2023-04-17,2932.67,Loan,EU
TX-463,CUST-3611,2024-07-25,3042.22,Savings,US-East
TX-464,CUST-7041,2023-08-19,2180.94,Credit,EU
TX-465,CUST-4349,2024-04-21,222.26,Savings,US-West
TX-466,CUST-5898,2024-09-10,2800.74,Loan,US-West
TX-467,CUST-9846,2024-01-30,3041.08,Loan,APAC
TX-468,CUST-8391,2023-04-11,2755.8,Savings,US-East
TX-469,CUST-9289,2023-04-30,2228.6,Loan,US-East
TX-470,CUST-7393,2024-10-13,3273.33,Loan,US-West
TX-471,CUST-2816,2023-09-10,2420.9,Loan,US-West
TX-472,CUST-6775,2023-04-19,2451.4,Loan,US-West
TX-473,CUST-3322,2023-07-06,4499.14,Loan,APAC
TX-474,CUST-6660,2023-03-28,1298.5,Credit,EU
TX-475,CUST-2563,2023-01-26,722.87,Loan,US-West
TX-476,CUST-6698,2023-05-15,893.32,Loan,US-West
TX-477,CUST-6604,2024-08-21,95.75,Savings,EU
TX-478,CUST-6002,2024-02-05,1717.76,Loan,APAC
TX-479,CUST-8701,2023-04-11,3050.7,Savings,APAC
TX-480,CUST-6801,2023-10-23,3963.98,Credit,EU
TX-481,CUST-2179,2023-03-15,79.32,Credit,EU
TX-482,CUST-3502,2024-12-12,2382.3,Loan,US-East
TX-483,CUST-3280,2024-08-20,1648.74,Savings,US-East
TX-484,CUST-1107,2023-06-14,4534.57,Loan,US-West
TX-485,CUST-7877,2024-02-28,3206.63,Credit,US-West
TX-486,CUST-1559,2023-04-27,3726.47,Loan,APAC
TX-487,CUST-4046,2024-06-28,206.52,Savings,APAC
TX-488,CUST-4928,2023-10-19,1600.59,Savings,US-West
TX-489,CUST-1798,2023-10-13,4335.35,Loan,US-East
TX-490,CUST-6040,2024-10-25,1812.04,Loan,US-East
TX-491,CUST-1602,2023-07-19,4041.69,Savings,EU
TX-492,CUST-8963,2023-05-10,445.91,Savings,US-East
TX-493,CUST-7766,2024-06-18,1446.67,Loan,US-West
TX-494,CUST-9651,2024-05-19,790.27,Loan,US-East
TX-495,CUST-3808,2023-06-24,3554.01,Savings,APAC
TX-496,CUST-7096,2023-11-30,4168.87,Credit,US-West
TX-497,CUST-9823,2024-12-03,1088.97,Loan,EU
TX-498,CUST-5317,2024-06-16,4039.76,Loan,US-East
TX-499,CUST-4955,2023-08-23,4030.34,Savings,US-East
TX-500,CUST-2620,2024-07-11,2713.43,Loan,US-East
TX-501,CUST-7630,2024-07-24,2803.37,Loan,US-West
TX-502,CUST-3868,2023-05-24,4869.78,Savings,US-West
TX-503,CUST-5327,2023-09-27,1727.9,Credit,US-West
TX-504,CUST-9243,2023-04-26,1578.86,Savings,US-East
TX-505,CUST-1814,2024-01-27,129.74,Credit,EU
TX-506,CUST-5062,2023-11-05,612.26,Credit,US-East
TX-507,CUST-2551,2023-09-30,2570.65,Credit,APAC
TX-508,CUST-7163,2024-09-15,164.58,Loan,US-West
TX-509,CUST-2536,2023-02-27,2409.27,Loan,APAC
TX-510,CUST-8399,2023-12-30,777.2,Credit,US-West
TX-511,CUST-8623,2023-03-29,1445.9,Credit,US-East
TX-512,CUST-2960,2023-02-03,658.41,Savings,EU
TX-513,CUST-5687,2024-08-05,4236.44,Credit,APAC
TX-514,CUST-1288,2024-06-28,3561.11,Savings,EU
TX-515,CUST-2183,2023-08-28,1744.21,Savings,APAC
TX-516,CUST-7213,2023-08-04,408.12,Credit,US-West
TX-517,CUST-3377,2023-07-22,1957.83,Savings,US-West
TX-518,CUST-2239,2024-04-25,2937.94,Loan,APAC
TX-519,CUST-5791,2023-01-27,90.91,Credit,EU
TX-520,CUST-6055,2024-05-17,1497.59,Credit,US-East
TX-521,CUST-8795,2024-10-14,4275.47,Credit,US-East
TX-522,CUST-2919,2024-09-03,3675.65,Loan,US-West
TX-523,CUST-7929,2023-09-11,2223.19,Savings,US-West
TX-524,CUST-6156,2024-11-19,2377.97,Loan,US-East
TX-525,CUST-8432,2023-03-29,2435.09,Credit,APAC
TX-526,CUST-2142,2024-06-14,3059.39,Credit,US-East
TX-527,CUST-2629,2023-02-15,3097.34,Credit,EU
TX-528,CUST-5621,2024-08-19,2119.1,Loan,APAC
TX-529,CUST-9348,2024-05-25,713.18,Loan,US-West
TX-530,CUST-6606,2023-09-07,606.9,Loan,EU
TX-531,CUST-7446,2024-08-29,889.34,Credit,US-East
TX-532,CUST-6740,2023-12-28,4694.89,Savings,US-West
TX-533,CUST-3063,2024-07-09,3464.02,Credit,US-West
TX-534,CUST-3667,2023-08-05,1589.32,Credit,US-West
TX-535,CUST-8642,2024-08-29,4251.52,Loan,APAC
TX-536,CUST-5798,2023-07-19,2914.0,Loan,US-East
TX-537,CUST-8478,2024-08-10,1857.16,Savings,US-West
TX-538,CUST-2786,2024-08-18,1849.61,Loan,US-West
TX-539,CUST-2308,2024-10-09,602.33,Credit,US-West
TX-540,CUST-5861,2023-04-05,763.31,Savings,APAC
TX-541,CUST-4312,2023-01-13,2875.72,Savings,EU
TX-542,CUST-4898,2023-10-20,3282.31,Savings,US-West
TX-543,CUST-1938,2023-03-28,2982.58,Savings,EU
TX-544,CUST-3685,2024-05-05,1998.91,Loan,US-West
TX-545,CUST-7021,2024-07-28,1069.94,Credit,US-West
TX-546,CUST-2203,2023-02-09,361.32,Savings,US-West
TX-547,CUST-3283,2024-04-07,4823.7,Savings,EU
TX-548,CUST-3477,2023-01-22,4060.12,Savings,EU
TX-549,CUST-7227,2024-04-08,2022.9,Loan,APAC
TX-550,CUST-3913,2023-09-20,3878.7,Savings,APAC
TX-551,CUST-6289,2024-08-20,4264.85,Credit,US-West
TX-552,CUST-3902,2024-05-16,1359.76,Loan,EU
TX-553,CUST-8368,2024-09-10,107.64,Savings,US-East
TX-554,CUST-3160,2023-05-17,3694.59,Credit,US-West
TX-555,CUST-3922,2023-12-09,626.41,Savings,EU
TX-556,CUST-3368,2024-06-15,882.74,Credit,US-East
TX-557,CUST-6531,2023-06-22,3786.62,Savings,APAC
TX-558,CUST-8887,2024-08-08,2789.47,Loan,US-West
TX-559,CUST-7578,2024-11-14,3456.75,Savings,US-East
TX-560,CUST-8074,2024-11-21,3415.06,Loan,APAC
TX-561,CUST-3366,2024-09-12,4889.68,Savings,APAC
TX-562,CUST-2614,2024-04-04,3638.31,Savings,EU
TX-563,CUST-4653,2023-01-17,2684.06,Savings,APAC
TX-564,CUST-6733,2024-12-18,2318.5,Loan,US-East
TX-565,CUST-5364,2024-03-29,563.68,Savings,US-West
TX-566,CUST-9301,2024-04-27,3311.77,Loan,EU
TX-567,CUST-8730,2024-04-20,2450.71,Loan,US-West
TX-568,CUST-1730,2023-02-26,2562.8,Credit,US-West
TX-569,CUST-2286,2023-04-22,2156.5,Credit,APAC
TX-570,CUST-5121,2024-02-14,1851.3,Savings,US-East
TX-571,CUST-6651,2023-04-16,3611.81,Credit,US-East
TX-572,CUST-9853,2024-01-31,1098.0,Credit,APAC
TX-573,CUST-1789,2023-10-01,1321.32,Savings,EU
TX-574,CUST-8989,2023-01-26,2611.29,Credit,US-West
TX-575,CUST-2161,2024-11-25,602.39,Credit,US-West
TX-576,CUST-4239,2024-09-22,1498.41,Savings,US-West
TX-577,CUST-9031,2024-02-11,1139.54,Loan,EU
TX-578,CUST-9998,2023-02-22,4068.47,Loan,APAC
TX-579,CUST-3639,2023-01-16,931.2,Credit,US-West
TX-580,CUST-2164,2024-09-11,200.96,Savings,EU
TX-581,CUST-3337,2023-07-28,3770.81,Savings,EU
TX-582,CUST-4442,2024-10-25,3716.86,Loan,EU
TX-583,CUST-6374,2023-12-19,1062.3,Loan,US-West
TX-584,CUST-3655,2024-01-05,3751.33,Loan,US-West
TX-585,CUST-1376,2023-04-28,4900.58,Loan,US-East
TX-586,CUST-5735,2023-05-04,401.57,Credit,US-West
TX-587,CUST-3711,2023-12-26,2590.44,Savings,APAC
TX-588,CUST-2723,2023-02-26,476.93,Loan,US-West
TX-589,CUST-5215,2024-08-04,3970.42,Loan,EU
TX-590,CUST-4881,2024-10-24,720.32,Credit,APAC
TX-591,CUST-1400,2023-12-31,4065.59,Savings,US-East
TX-592,CUST-1620,2023-09-04,3536.55,Loan,EU
TX-593,CUST-4010,2024-09-15,1663.16,Credit,APAC
TX-594,CUST-6767,2024-07-20,4317.66,Credit,US-East
TX-595,CUST-7621,2024-01-04,4407.23,Savings,US-West
TX-596,CUST-5300,2023-09-24,2108.14,Loan,US-West
TX-597,CUST-1759,2024-07-20,4755.43,Savings,APAC
TX-598,CUST-9621,2023-11-04,1298.78,Savings,EU
TX-599,CUST-6273,2024-11-25,1648.36,Savings,EU
TX-600,CUST-6479,2023-03-01,2692.95,Credit,US-East
TX-601,CUST-5041,2024-01-05,892.83,Credit,EU
TX-602,CUST-9167,2024-08-29,2565.41,Savings,US-East
TX-603,CUST-9961,2023-08-24,3189.93,Savings,APAC
TX-604,CUST-8849,2024-07-12,3044.5,Savings,APAC
TX-605,CUST-5370,2023-07-25,1874.38,Loan,US-East
TX-606,CUST-6161,2024-04-09,2697.78,Savings,US-East
TX-607,CUST-5916,2024-04-28,1391.0,Savings,APAC
TX-608,CUST-7683,2023-03-03,426.69,Savings,APAC
TX-609,CUST-9194,2024-02-25,1197.71,Loan,APAC
TX-610,CUST-5231,2024-05-29,2175.15,Loan,US-East
TX-611,CUST-2141,2024-10-27,3396.9,Credit,US-East
TX-612,CUST-5722,2024-06-08,50.26,Savings,US-East
TX-613,CUST-7655,2023-02-16,2375.51,Loan,APAC
TX-614,CUST-1521,2023-10-11,2430.85,Credit,EU
TX-615,CUST-4723,2023-11-14,4801.59,Loan,US-West
TX-616,CUST-5064,2024-08-08,4730.87,Loan,APAC
TX-617,CUST-4469,2024-09-15,2585.44,Savings,US-East
TX-618,CUST-9561,2024-08-01,3450.41,Loan,EU
TX-619,CUST-1949,2023-11-21,2796.59,Savings,US-East
TX-620,CUST-1354,2023-10-15,3002.75,Credit,APAC
TX-621,CUST-7994,2023-06-17,3959.93,Credit,US-West
TX-622,CUST-7339,2024-06-28,1492.35,Credit,EU
TX-623,CUST-9850,2023-01-11,4457.0,Loan,US-East
TX-624,CUST-9600,2023-12-28,537.76,Loan,APAC
TX-625,CUST-5802,2024-04-16,1867.51,Credit,APAC
TX-626,CUST-8050,2024-01-15,676.08,Credit,US-East
TX-627,CUST-3082,2024-07-12,3534.48,Savings,US-West
TX-628,CUST-1158,2024-09-28,2278.81,Savings,US-West
TX-629,CUST-8514,2024-09-27,3599.03,Loan,APAC
TX-630,CUST-7574,2024-06-25,1669.74,Credit,EU
TX-631,CUST-8896,2023-12-26,692.05,Loan,US-East
TX-632,CUST-3306,2024-04-07,934.38,Savings,APAC
TX-633,CUST-9914,2024-06-06,2854.49,Savings,APAC
TX-634,CUST-6645,2023-02-19,1583.34,Savings,EU
TX-635,CUST-3430,2023-01-16,1936.45,Savings,APAC
TX-636,CUST-3179,2024-07-13,2728.88,Loan,APAC
TX-637,CUST-4909,2023-12-15,2591.23,Savings,APAC
TX-638,CUST-8485,2024-09-24,4677.25,Savings,APAC
TX-639,CUST-6123,2023-02-13,2363.42,Loan,APAC
TX-640,CUST-5209,2024-02-01,2766.77,Credit,US-East
TX-641,CUST-2487,2024-05-16,4516.12,Savings,US-West
TX-642,CUST-5162,2023-10-31,488.01,Savings,APAC
TX-643,CUST-9340,2023-01-27,1736.24,Savings,US-West
TX-644,CUST-9287,2024-01-19,1299.45,Credit,US-East
TX-645,CUST-5675,2024-10-01,1770.62,Loan,US-East
TX-646,CUST-5905,2023-06-29,3030.74,Loan,APAC
TX-647,CUST-6950,2023-12-03,4740.29,Savings,EU
TX-648,CUST-6777,2023-04-01,4429.14,Credit,US-East
TX-649,CUST-7018,2023-08-07,417.94,Credit,EU
TX-650,CUST-7406,2023-11-02,1721.67,Loan,EU
TX-651,CUST-2440,2024-07-08,2674.07,Savings,US-East
TX-652,CUST-5996,2023-08-09,3181.75,Savings,US-West
TX-653,CUST-3945,2023-03-11,2331.8,Savings,EU
TX-654,CUST-9792,2023-05-17,3820.63,Credit,APAC
TX-655,CUST-3218,2024-04-19,3774.39,Savings,US-East
TX-656,CUST-1143,2023-02-20,606.3,Credit,APAC
TX-657,CUST-9062,2024-07-20,1048.19,Savings,US-West
TX-658,CUST-7984,2024-11-29,855.13,Credit,US-East
TX-659,CUST-8078,2024-12-23,2756.06,Savings,APAC
TX-660,CUST-7907,2023-03-01,2550.56,Loan,US-West
TX-661,CUST-3957,2024-07-18,3967.2,Loan,APAC
TX-662,CUST-2902,2023-04-14,4374.49,Loan,US-West
TX-663,CUST-9075,2023-02-12,3286.96,Loan,US-West
TX-664,CUST-1830,2023-02-18,932.4,Savings,EU
TX-665,CUST-8878,2023-03-12,4389.16,Loan,US-East
TX-666,CUST-6769,2023-08-01,4748.11,Savings,EU
TX-667,CUST-9888,2024-08-25,3187.15,Loan,US-East
TX-668,CUST-1637,2024-05-30,2467.26,Loan,US-West
TX-669,CUST-4842,2024-08-25,4215.5,Loan,US-East
TX-670,CUST-5233,2024-03-08,2065.51,Credit,US-East
TX-671,CUST-2878,2023-08-18,479.97,Credit,US-East
TX-672,CUST-4952,2024-07-14,596.45,Savings,APAC
TX-673,CUST-7412,2023-01-03,3862.15,Credit,US-West
TX-674,CUST-5908,2023-05-13,1104.63,Credit,EU
TX-675,CUST-7412,2024-02-18,200.18,Loan,US-East
TX-676,CUST-8835,2023-10-03,4151.9,Credit,APAC
TX-677,CUST-4046,2024-03-02,3520.65,Loan,US-West
TX-678,CUST-3415,2023-12-08,3641.56,Credit,US-West
TX-679,CUST-1815,2023-04-22,897.36,Credit,EU
TX-680,CUST-7989,2023-10-06,4862.22,Savings,EU
TX-681,CUST-7324,2024-06-09,1627.55,Credit,US-West
TX-682,CUST-8433,2024-02-13,4134.71,Loan,US-East
TX-683,CUST-1497,2024-04-18,147.43,Savings,APAC
TX-684,CUST-6443,2023-05-12,1330.47,Credit,EU
TX-685,CUST-7147,2023-11-21,2585.24,Loan,APAC
TX-686,CUST-4605,2024-08-06,648.95,Savings,EU
TX-687,CUST-8274,2024-12-20,3245.28,Loan,EU
TX-688,CUST-2088,2023-09-22,1899.49,Credit,EU
TX-689,CUST-8106,2023-06-01,842.97,Savings,US-East
TX-690,CUST-2186,2024-03-13,3137.58,Savings,US-West
TX-691,CUST-6415,2024-05-25,1515.52,Loan,US-East
TX-692,CUST-6420,2023-01-06,4168.35,Credit,US-East
TX-693,CUST-4504,2024-01-21,416.84,Credit,US-East
TX-694,CUST-8140,2024-08-16,4755.15,Credit,APAC
TX-695,CUST-4280,2023-06-14,4752.84,Loan,EU
TX-696,CUST-8601,2024-07-30,1476.65,Savings,APAC
TX-697,CUST-5862,2023-03-23,3506.17,Savings,US-East
TX-698,CUST-9713,2023-01-29,3615.6,Savings,US-West
TX-699,CUST-2469,2024-09-19,1645.58,Loan,EU
TX-700,CUST-4007,2023-04-01,1458.82,Credit,APAC
TX-701,CUST-2612,2023-07-23,4895.7,Credit,US-East
TX-702,CUST-1824,2024-07-22,3660.66,Credit,US-West
TX-703,CUST-6299,2024-05-07,1175.53,Loan,APAC
TX-704,CUST-4360,2024-01-06,3040.37,Credit,EU
TX-705,CUST-9968,2023-10-31,2986.12,Loan,APAC
TX-706,CUST-6803,2023-09-11,1703.98,Loan,US-East
TX-707,CUST-9722,2023-02-16,3534.51,Loan,US-West
TX-708,CUST-8089,2024-01-17,3244.12,Savings,US-East
TX-709,CUST-7569,2024-04-12,2548.53,Savings,US-West
TX-710,CUST-8508,2023-11-10,4172.26,Savings,EU
TX-711,CUST-3708,2024-08-25,1734.36,Savings,US-West
TX-712,CUST-2497,2023-12-22,2506.07,Loan,EU
TX-713,CUST-2546,2023-02-24,354.45,Loan,APAC
TX-714,CUST-2295,2024-05-16,1719.33,Credit,EU
TX-715,CUST-4280,2023-10-13,301.73,Credit,US-West
TX-716,CUST-2620,2024-04-08,2760.68,Savings,EU
TX-717,CUST-9140,2024-06-13,2134.62,Loan,US-West
TX-718,CUST-3837,2024-02-12,3965.47,Credit,US-West
TX-719,CUST-1679,2023-09-19,3708.01,Savings,US-West
TX-720,CUST-1236,2024-12-27,1908.72,Credit,US-East
TX-721,CUST-3423,2024-09-10,2022.59,Savings,APAC
TX-722,CUST-3940,2024-09-21,267.33,Savings,US-East
TX-723,CUST-5942,2024-07-16,1257.02,Loan,US-West
TX-724,CUST-5103,2024-01-04,2364.34,Savings,APAC
TX-725,CUST-4446,2024-09-10,4861.03,Credit,US-East
TX-726,CUST-6476,2023-03-03,1487.87,Credit,US-East
TX-727,CUST-5887,2024-07-04,2144.22,Credit,EU
TX-728,CUST-2138,2024-11-18,4593.34,Savings,EU
TX-729,CUST-4759,2023-12-03,285.54,Savings,APAC
TX-730,CUST-1063,2023-04-11,3457.45,Credit,EU
TX-731,CUST-9649,2024-08-01,4014.01,Credit,US-East
TX-732,CUST-7055,2023-06-27,3968.89,Savings,APAC
TX-733,CUST-1961,2024-11-14,2563.86,Credit,US-East
TX-734,CUST-9566,2023-02-04,2677.22,Loan,US-East
TX-735,CUST-7196,2023-12-19,851.38,Credit,APAC
TX-736,CUST-9142,2023-04-27,4612.86,Loan,US-West
TX-737,CUST-8161,2024-03-26,4095.43,Savings,US-East
TX-738,CUST-2059,2024-05-21,1827.85,Credit,US-East
TX-739,CUST-7349,2024-03-01,285.21,Loan,US-East
TX-740,CUST-7748,2024-04-11,2303.83,Savings,EU
TX-741,CUST-6452,2024-05-21,841.57,Savings,APAC
TX-742,CUST-2399,2023-05-10,4742.86,Credit,EU
TX-743,CUST-6190,2024-02-08,1678.15,Loan,US-East
TX-744,CUST-1336,2024-10-05,1599.48,Savings,EU
TX-745,CUST-9153,2023-08-12,1525.31,Loan,US-East
TX-746,CUST-3288,2024-06-30,2221.34,Savings,EU
TX-747,CUST-4377,2023-11-30,2163.18,Loan,EU
TX-748,CUST-8619,2024-11-06,616.81,Savings,APAC
TX-749,CUST-1494,2024-02-21,1038.44,Loan,EU
TX-750,CUST-8253,2024-04-08,63.03,Savings,US-West
TX-751,CUST-3057,2024-10-25,2796.8,Credit,US-West
TX-752,CUST-3696,2024-10-01,1170.83,Savings,US-West
TX-753,CUST-6125,2023-11-03,1395.71,Savings,EU
TX-754,CUST-4597,2023-10-12,2617.26,Savings,APAC
TX-755,CUST-2645,2024-12-09,4832.58,Savings,US-West
TX-756,CUST-1773,2023-05-24,672.02,Loan,EU
TX-757,CUST-1747,2024-03-23,3925.52,Credit,EU
TX-758,CUST-2615,2023-08-03,2574.8,Savings,EU
TX-759,CUST-6506,2023-05-06,3852.62,Credit,APAC
TX-760,CUST-6291,2023-08-05,4167.53,Loan,US-West
TX-761,CUST-5927,2023-07-01,3368.08,Loan,US-East
TX-762,CUST-2896,2023-07-18,4215.01,Credit,APAC
TX-763,CUST-1641,2023-08-15,3908.9,Loan,APAC
TX-764,CUST-4275,2024-04-02,444.3,Savings,APAC
TX-765,CUST-3056,2023-07-20,59.56,Savings,APAC
TX-766,CUST-8720,2024-02-03,4428.63,Loan,APAC
TX-767,CUST-3181,2024-11-23,4930.84,Loan,APAC
TX-768,CUST-2521,2024-09-16,1727.07,Savings,US-East
TX-769,CUST-8162,2024-09-23,3979.49,Loan,US-West
TX-770,CUST-8463,2024-02-02,4976.04,Savings,APAC
TX-771,CUST-7571,2024-01-28,3493.42,Savings,US-East
TX-772,CUST-3395,2023-02-19,3853.58,Savings,EU
TX-773,CUST-8111,2023-09-30,440.15,Savings,APAC
TX-774,CUST-8711,2024-07-10,2466.08,Credit,APAC
TX-775,CUST-5096,2023-09-18,2102.94,Savings,US-West
TX-776,CUST-3269,2023-06-01,697.67,Credit,US-East
TX-777,CUST-1195,2023-07-21,1558.83,Loan,US-West
TX-778,CUST-4212,2024-12-08,127.89,Savings,APAC
TX-779,CUST-6623,2023-05-22,208.71,Loan,APAC
TX-780,CUST-5260,2023-08-03,3836.19,Savings,EU
TX-781,CUST-1089,2023-08-16,3260.8,Savings,US-West
TX-782,CUST-5052,2023-09-03,1032.13,Loan,US-East
TX-783,CUST-8041,2023-02-25,1283.41,Savings,US-East
TX-784,CUST-9052,2024-09-03,124.0,Savings,APAC
TX-785,CUST-2526,2023-03-27,635.81,Loan,EU
TX-786,CUST-8865,2023-06-23,1505.5,Savings,EU
TX-787,CUST-7219,2023-11-12,2063.71,Savings,US-East
TX-788,CUST-6759,2024-11-25,2975.92,Credit,APAC
TX-789,CUST-6190,2024-10-27,325.89,Loan,US-West
TX-790,CUST-8758,2024-02-26,4353.3,Credit,APAC
TX-791,CUST-3924,2024-09-22,816.96,Savings,US-East
TX-792,CUST-3976,2023-09-01,4892.71,Loan,US-East
TX-793,CUST-6773,2024-07-02,1027.56,Savings,US-East
TX-794,CUST-3343,2023-04-17,1466.0,Credit,US-East
TX-795,CUST-4154,2023-10-15,900.69,Savings,EU
TX-796,CUST-6400,2024-04-03,3617.29,Credit,US-West
TX-797,CUST-9656,2023-04-14,2850.47,Loan,US-West
TX-798,CUST-3372,2024-11-21,3383.29,Credit,EU
TX-799,CUST-9102,2023-03-04,2784.89,Savings,APAC
TX-800,CUST-1333,2024-02-15,3608.59,Savings,US-West
TX-801,CUST-1732,2024-06-23,4317.94,Savings,APAC
TX-802,CUST-8176,2023-06-24,2394.17,Savings,US-West
TX-803,CUST-9376,2023-02-01,1987.82,Credit,US-East
TX-804,CUST-3357,2024-01-07,884.15,Loan,US-East
TX-805,CUST-7821,2024-03-31,3051.73,Savings,US-West
TX-806,CUST-5090,2023-01-15,2197.98,Savings,US-East
TX-807,CUST-8008,2023-09-10,3202.86,Loan,EU
TX-808,CUST-3401,2024-09-14,3450.09,Loan,APAC
TX-809,CUST-6280,2023-06-10,4908.82,Credit,EU
TX-810,CUST-9635,2024-04-15,587.61,Credit,US-East
TX-811,CUST-9271,2023-02-08,4128.7,Credit,US-East
TX-812,CUST-2884,2023-10-07,3323.62,Loan,APAC
TX-813,CUST-2076,2023-03-09,1385.49,Credit,US-West
TX-814,CUST-9440,2023-04-21,4644.13,Loan,EU
TX-815,CUST-8017,2024-08-26,2242.11,Loan,US-West
TX-816,CUST-5297,2024-03-20,4017.95,Savings,APAC
TX-817,CUST-8890,2024-05-07,3944.0,Loan,US-West
TX-818,CUST-9983,2024-02-26,1844.04,Savings,US-East
TX-819,CUST-7118,2023-11-13,1553.48,Credit,EU
TX-820,CUST-8082,2023-02-28,4787.11,Loan,US-East
TX-821,CUST-4748,2023-07-18,971.91,Loan,US-West
TX-822,CUST-4029,2024-04-15,664.97,Loan,APAC
TX-823,CUST-5789,2023-05-27,3060.66,Loan,APAC
TX-824,CUST-6613,2024-07-12,215.42,Credit,EU
TX-825,CUST-5216,2024-02-23,1659.41,Credit,EU
TX-826,CUST-5124,2023-01-14,4492.67,Credit,US-East
TX-827,CUST-2508,2023-07-08,1124.84,Loan,APAC
TX-828,CUST-4055,2023-01-14,3768.18,Loan,EU
TX-829,CUST-6448,2024-09-05,3237.15,Savings,EU
TX-830,CUST-8189,2023-05-12,3009.66,Credit,EU
TX-831,CUST-6386,2024-01-30,2113.33,Credit,US-East
TX-832,CUST-1020,2023-04-20,1338.05,Credit,EU
TX-833,CUST-6767,2023-01-08,2978.42,Loan,US-West
TX-834,CUST-6882,2024-05-25,3526.58,Savings,EU
TX-835,CUST-5314,2024-02-10,1387.73,Savings,US-East
TX-836,CUST-9772,2024-08-31,3861.46,Savings,APAC
TX-837,CUST-3853,2023-07-08,4966.47,Savings,EU
TX-838,CUST-7829,2023-12-12,3134.65,Loan,EU
TX-839,CUST-9391,2024-02-23,175.96,Loan,APAC
TX-840,CUST-2656,2023-03-18,2328.02,Savings,EU
TX-841,CUST-2764,2023-10-03,2648.42,Credit,US-West
TX-842,CUST-6025,2024-01-24,1327.88,Loan,US-East
TX-843,CUST-1071,2023-08-07,783.26,Savings,APAC
TX-844,CUST-8635,2023-09-26,3727.4,Loan,EU
TX-845,CUST-6622,2023-05-27,4952.35,Credit,US-West
TX-846,CUST-7661,2023-01-14,1718.16,Loan,EU
TX-847,CUST-7886,2024-11-04,2238.66,Loan,EU
TX-848,CUST-8392,2023-09-15,2962.75,Savings,APAC
TX-849,CUST-1974,2023-01-24,2510.27,Credit,US-West
TX-850,CUST-8248,2023-10-01,362.32,Credit,US-East
TX-851,CUST-6327,2023-10-23,1596.82,Savings,EU
TX-852,CUST-3925,2023-06-29,1944.98,Credit,EU
TX-853,CUST-7627,2024-12-22,4861.88,Credit,APAC
TX-854,CUST-4980,2024-02-11,1721.89,Credit,APAC
TX-855,CUST-4413,2024-05-09,1342.94,Savings,EU
TX-856,CUST-1557,2024-08-15,2802.46,Credit,EU
TX-857,CUST-8182,2024-09-24,516.5,Loan,US-East
TX-858,CUST-9645,2024-03-18,516.34,Loan,US-West
TX-859,CUST-6984,2024-04-08,4458.8,Loan,EU
TX-860,CUST-3798,2024-06-08,770.18,Credit,US-West
TX-861,CUST-6349,2024-05-03,3425.07,Loan,US-West
TX-862,CUST-7079,2023-07-03,3138.53,Savings,APAC
TX-863,CUST-2003,2023-09-17,3144.82,Credit,APAC
TX-864,CUST-4927,2024-06-02,207.69,Credit,APAC
TX-865,CUST-6302,2024-12-09,2018.08,Savings,APAC
TX-866,CUST-6051,2024-11-20,2620.44,Savings,APAC
TX-867,CUST-7851,2023-10-04,4449.03,Loan,US-East
TX-868,CUST-1805,2024-03-07,312.95,Savings,APAC
TX-869,CUST-9955,2024-06-30,4511.93,Savings,EU
TX-870,CUST-1559,2024-01-14,216.57,Savings,APAC
TX-871,CUST-1078,2024-01-20,2255.11,Credit,US-East
TX-872,CUST-7911,2024-04-01,2404.32,Credit,EU
TX-873,CUST-2550,2024-11-20,3463.7,Loan,APAC
TX-874,CUST-2829,2024-11-10,2259.12,Loan,US-West
TX-875,CUST-5459,2023-05-15,4460.72,Loan,APAC
TX-876,CUST-8970,2023-02-16,4379.77,Loan,US-East
TX-877,CUST-2548,2023-05-26,157.16,Savings,APAC
TX-878,CUST-5849,2024-06-03,474.47,Savings,EU
TX-879,CUST-3228,2024-05-15,3825.13,Loan,EU
TX-880,CUST-4889,2024-03-10,3009.75,Loan,US-West
TX-881,CUST-9303,2024-03-28,4811.79,Loan,APAC
TX-882,CUST-7374,2023-08-27,190.86,Savings,APAC
TX-883,CUST-2942,2024-07-14,1689.51,Loan,US-West
TX-884,CUST-6196,2023-03-03,3931.11,Credit,US-East
TX-885,CUST-3788,2023-06-10,3541.63,Loan,EU
TX-886,CUST-1105,2023-05-11,1229.52,Savings,US-East
TX-887,CUST-4925,2023-01-02,3548.61,Loan,US-West
TX-888,CUST-9172,2023-04-18,1929.17,Savings,US-East
TX-889,CUST-7266,2023-08-15,4007.91,Savings,APAC
TX-890,CUST-5860,2024-10-19,2124.42,Savings,EU
TX-891,CUST-6510,2024-03-03,1404.86,Loan,APAC
TX-892,CUST-1106,2024-07-01,3644.6,Savings,EU
TX-893,CUST-7408,2024-04-12,3762.8,Loan,US-East
TX-894,CUST-1895,2024-05-12,1646.1,Savings,APAC
TX-895,CUST-2385,2023-12-20,4679.33,Credit,EU
TX-896,CUST-2301,2024-12-15,1104.65,Savings,APAC
TX-897,CUST-6644,2023-01-16,3361.95,Savings,EU
TX-898,CUST-8493,2023-05-28,257.76,Loan,US-East
TX-899,CUST-1104,2024-04-18,1585.23,Credit,US-West
TX-900,CUST-4291,2024-03-17,488.73,Loan,APAC
TX-901,CUST-3841,2024-04-19,3137.52,Credit,US-East
TX-902,CUST-4584,2024-05-16,2180.59,Credit,US-West
TX-903,CUST-9014,2024-11-25,4631.37,Savings,US-East
TX-904,CUST-2351,2023-01-23,4779.81,Credit,US-West
TX-905,CUST-3646,2023-09-24,3304.96,Loan,US-East
TX-906,CUST-2022,2024-03-25,4113.5,Loan,APAC
TX-907,CUST-2424,2023-01-28,814.09,Credit,EU
TX-908,CUST-3318,2024-10-12,4112.11,Loan,US-West
TX-909,CUST-8621,2023-11-13,3634.81,Credit,EU
TX-910,CUST-9702,2024-06-08,1581.93,Credit,US-East
TX-911,CUST-2520,2024-12-25,1004.37,Savings,APAC
TX-912,CUST-2575,2023-04-18,447.67,Savings,EU
TX-913,CUST-3613,2023-02-18,1306.3,Savings,US-West
TX-914,CUST-4515,2023-12-25,345.15,Savings,APAC
TX-915,CUST-4534,2024-10-22,1485.96,Credit,US-East
TX-916,CUST-3333,2023-04-21,777.45,Savings,US-West
TX-917,CUST-8181,2023-05-14,3913.58,Loan,US-West
TX-918,CUST-7457,2024-08-28,4844.14,Savings,US-West
TX-919,CUST-6283,2024-05-11,2201.31,Credit,US-West
TX-920,CUST-9263,2023-09-27,2485.8,Savings,EU
TX-921,CUST-6069,2023-06-17,2378.22,Savings,EU
TX-922,CUST-2125,2024-02-26,3187.21,Credit,US-West
TX-923,CUST-5215,2023-10-18,4345.14,Savings,US-West
TX-924,CUST-4465,2024-03-16,1763.57,Credit,APAC
TX-925,CUST-6755,2023-04-02,4854.47,Credit,US-East
TX-926,CUST-8038,2023-09-28,699.52,Loan,EU
TX-927,CUST-1098,2024-06-09,312.48,Credit,EU
TX-928,CUST-5491,2024-10-18,4282.69,Credit,APAC
TX-929,CUST-8381,2024-11-13,4472.55,Loan,APAC
TX-930,CUST-3685,2023-08-01,4348.2,Loan,US-East
TX-931,CUST-7374,2023-07-20,4056.25,Savings,APAC
TX-932,CUST-8155,2023-08-14,3740.24,Savings,US-East
TX-933,CUST-1791,2023-06-01,3149.59,Savings,US-West
TX-934,CUST-3091,2024-11-27,836.32,Loan,US-East
TX-935,CUST-3977,2023-12-17,4098.09,Credit,EU
TX-936,CUST-7446,2024-11-11,3978.9,Savings,US-East
TX-937,CUST-2216,2023-09-01,1511.54,Savings,US-West
TX-938,CUST-6142,2024-12-19,3231.62,Credit,EU
TX-939,CUST-8526,2024-07-03,2424.87,Credit,US-West
TX-940,CUST-8933,2023-02-07,1763.25,Loan,EU
TX-941,CUST-7211,2023-05-03,460.49,Savings,US-West
TX-942,CUST-9970,2024-10-30,4544.06,Credit,APAC
TX-943,CUST-4991,2024-03-18,2528.64,Loan,APAC
TX-944,CUST-2935,2024-09-25,3809.83,Credit,US-West
TX-945,CUST-8479,2023-05-16,1362.52,Loan,EU
TX-946,CUST-4022,2024-06-20,55.06,Loan,EU
TX-947,CUST-5204,2024-02-27,4519.36,Credit,US-West
TX-948,CUST-5917,2024-02-17,2928.58,Savings,US-East
TX-949,CUST-9382,2023-05-22,151.44,Loan,APAC
TX-950,CUST-1565,2023-09-16,1875.97,Loan,APAC
TX-951,CUST-9864,2024-06-14,2643.99,Credit,US-West
TX-952,CUST-7318,2023-10-29,4039.34,Loan,US-West
TX-953,CUST-7962,2023-11-06,2205.41,Savings,US-West
TX-954,CUST-3203,2024-03-07,1809.41,Loan,US-East
TX-955,CUST-1434,2024-06-02,3858.95,Loan,US-East
TX-956,CUST-6725,2023-07-05,4187.75,Credit,US-East
TX-957,CUST-3713,2023-10-01,1270.07,Savings,APAC
TX-958,CUST-4727,2023-12-23,3569.1,Loan,EU
TX-959,CUST-3303,2024-09-01,2971.08,Loan,EU
TX-960,CUST-9637,2023-04-23,1115.34,Credit,US-East
TX-961,CUST-6608,2024-02-11,357.52,Savings,APAC
TX-962,CUST-2590,2024-12-20,382.63,Loan,EU
TX-963,CUST-8960,2024-06-21,877.31,Savings,US-East
TX-964,CUST-5942,2023-06-16,1684.05,Savings,APAC
TX-965,CUST-1709,2024-11-15,3544.39,Loan,US-West
TX-966,CUST-1026,2024-07-03,493.59,Savings,APAC
TX-967,CUST-4101,2024-04-10,4330.54,Credit,APAC
TX-968,CUST-8770,2023-01-30,202.38,Savings,APAC
TX-969,CUST-6413,2023-12-26,4767.9,Savings,APAC
TX-970,CUST-8188,2023-05-25,65.71,Credit,US-East
TX-971,CUST-6285,2024-10-13,3081.82,Savings,APAC
TX-972,CUST-7856,2024-01-20,1637.46,Loan,EU
TX-973,CUST-3070,2023-12-05,838.45,Loan,US-West
TX-974,CUST-6491,2024-08-21,2937.76,Loan,APAC
TX-975,CUST-8670,2023-01-27,3564.65,Savings,APAC
TX-976,CUST-6267,2024-02-28,4793.34,Credit,EU
TX-977,CUST-1981,2024-03-04,4986.27,Savings,EU
TX-978,CUST-3126,2024-12-17,4646.18,Credit,US-West
TX-979,CUST-4322,2023-10-21,1000.36,Savings,APAC
TX-980,CUST-3861,2024-07-08,4883.59,Credit,APAC
TX-981,CUST-7227,2024-06-26,2078.7,Loan,APAC
TX-982,CUST-4123,2023-02-14,2411.94,Savings,US-East
TX-983,CUST-5962,2024-01-15,4395.27,Credit,US-West
TX-984,CUST-2976,2023-07-20,4305.66,Loan,US-West
TX-985,CUST-5381,2023-09-15,330.69,Savings,US-West
TX-986,CUST-9689,2024-12-05,4560.72,Loan,APAC
TX-987,CUST-4681,2023-02-12,3261.3,Credit,US-West
TX-988,CUST-5654,2023-09-27,4350.35,Savings,EU
TX-989,CUST-4090,2023-12-13,4655.86,Savings,EU
TX-990,CUST-9283,2023-07-04,4648.93,Credit,US-East
TX-991,CUST-6538,2023-07-15,82.15,Credit,APAC
TX-992,CUST-6327,2024-12-24,4813.34,Credit,US-East
TX-993,CUST-7655,2024-12-26,325.11,Credit,APAC
TX-994,CUST-3478,2024-04-07,1138.42,Savings,US-West
TX-995,CUST-3291,2023-12-14,3483.41,Credit,EU
TX-996,CUST-6406,2023-06-18,3834.86,Loan,US-East
TX-997,CUST-3268,2024-05-27,2402.23,Credit,APAC
TX-998,CUST-6973,2024-07-06,2377.93,Savings,US-West
TX-999,CUST-2018,2023-06-16,4143.4,Loan,US-East
TX-1000,CUST-1774,2023-12-23,3020.07,Loan,US-West
TX-1001,CUST-7167,2023-01-26,3666.65,Credit,US-West
TX-1002,CUST-6497,2024-06-05,3664.71,Credit,US-West
TX-1003,CUST-8791,2024-12-17,2142.3,Loan,APAC
TX-1004,CUST-6367,2023-04-28,3537.7,Loan,EU
TX-1005,CUST-7383,2024-08-07,1114.36,Savings,US-East
TX-1006,CUST-4667,2023-07-18,119.21,Loan,APAC
TX-1007,CUST-1850,2023-03-25,2859.06,Loan,US-West
TX-1008,CUST-6400,2023-02-28,1796.74,Credit,US-East
TX-1009,CUST-4951,2023-12-08,1969.15,Savings,US-East
TX-1010,CUST-2681,2024-12-28,1254.34,Credit,APAC
TX-1011,CUST-2897,2024-12-06,1161.96,Loan,US-East
TX-1012,CUST-9948,2024-02-16,710.09,Credit,APAC
TX-1013,CUST-2792,2023-01-17,4911.12,Credit,US-East
TX-1014,CUST-6281,2024-05-02,3313.91,Loan,EU
TX-1015,CUST-4560,2023-08-18,724.45,Savings,US-West
TX-1016,CUST-3615,2024-08-12,1798.03,Savings,APAC
TX-1017,CUST-2774,2023-03-23,3409.94,Savings,US-West
TX-1018,CUST-4260,2023-10-03,4444.7,Loan,APAC
TX-1019,CUST-9636,2024-07-05,2646.02,Savings,APAC
TX-1020,CUST-3630,2024-10-10,173.83,Credit,APAC
TX-1021,CUST-6930,2024-01-05,1852.8,Loan,US-East
TX-1022,CUST-4722,2024-07-17,1162.51,Savings,US-East
TX-1023,CUST-4034,2023-12-06,270.16,Savings,APAC
TX-1024,CUST-9530,2023-07-17,4391.92,Loan,APAC
TX-1025,CUST-3808,2023-02-11,3050.66,Credit,APAC
TX-1026,CUST-5559,2024-03-24,3774.74,Credit,US-East
TX-1027,CUST-7012,2024-06-14,1728.48,Savings,US-West
TX-1028,CUST-5308,2023-04-14,3711.76,Savings,EU
TX-1029,CUST-2403,2023-03-22,2958.43,Savings,US-West
TX-1030,CUST-6761,2024-07-24,4998.2,Credit,US-East
TX-1031,CUST-1804,2023-07-23,4449.29,Credit,EU
TX-1032,CUST-5238,2023-07-08,3757.14,Savings,APAC
TX-1033,CUST-3093,2023-04-05,1594.99,Savings,EU
TX-1034,CUST-5554,2024-12-15,3626.05,Credit,US-West
TX-1035,CUST-6805,2023-03-14,93.63,Savings,US-West
TX-1036,CUST-8061,2023-06-06,3943.93,Savings,APAC
TX-1037,CUST-7980,2024-11-10,696.96,Savings,US-West
TX-1038,CUST-9509,2023-07-01,1776.08,Credit,US-East
TX-1039,CUST-4696,2024-02-10,1788.52,Credit,APAC
TX-1040,CUST-8407,2024-06-06,4714.6,Loan,EU
TX-1041,CUST-6643,2023-08-31,1893.38,Credit,EU
TX-1042,CUST-7026,2024-05-20,1814.09,Loan,US-West
TX-1043,CUST-6028,2024-03-14,2907.84,Loan,EU
TX-1044,CUST-2772,2023-04-27,1048.41,Credit,US-West
TX-1045,CUST-3563,2024-06-13,2069.56,Credit,US-East
TX-1046,CUST-5687,2023-06-03,2555.84,Savings,EU
TX-1047,CUST-2140,2023-05-07,652.03,Loan,US-East
TX-1048,CUST-7641,2024-06-11,4833.73,Loan,EU
TX-1049,CUST-2421,2024-10-07,3271.85,Credit,APAC
TX-1050,CUST-6248,2024-09-25,2637.35,Savings,US-West
TX-1051,CUST-3261,2024-08-14,2957.71,Credit,US-West
TX-1052,CUST-2326,2023-10-14,2529.8,Savings,US-West
TX-1053,CUST-1388,2024-04-03,3978.28,Savings,EU
TX-1054,CUST-3820,2023-04-23,3829.34,Loan,EU
TX-1055,CUST-2301,2024-11-04,2328.67,Savings,APAC
TX-1056,CUST-5112,2024-12-14,474.76,Savings,US-West
TX-1057,CUST-1498,2024-02-06,3779.84,Credit,APAC
TX-1058,CUST-3105,2024-06-13,3129.73,Savings,EU
TX-1059,CUST-8137,2024-06-05,3710.95,Loan,EU
TX-1060,CUST-7764,2023-02-13,2055.26,Credit,APAC
TX-1061,CUST-7642,2023-01-18,449.86,Credit,APAC
TX-1062,CUST-2171,2024-04-16,2985.29,Loan,EU
TX-1063,CUST-6856,2023-03-07,3671.46,Credit,US-East
TX-1064,CUST-5076,2023-06-07,3468.81,Loan,US-West
TX-1065,CUST-3795,2023-02-02,1548.6,Credit,APAC
TX-1066,CUST-2810,2023-03-12,1596.41,Loan,US-East
TX-1067,CUST-7953,2023-06-29,3298.39,Credit,APAC
TX-1068,CUST-4076,2023-10-24,2395.35,Savings,US-East
TX-1069,CUST-4004,2024-03-14,78.32,Credit,APAC
TX-1070,CUST-5039,2023-10-08,4456.07,Credit,EU
TX-1071,CUST-4307,2023-12-04,348.09,Credit,APAC
TX-1072,CUST-6902,2024-06-11,4856.34,Credit,US-West
TX-1073,CUST-4055,2023-11-29,2101.52,Credit,EU
TX-1074,CUST-7373,2023-08-15,4371.1,Savings,APAC
TX-1075,CUST-3471,2023-11-11,2133.17,Savings,EU
TX-1076,CUST-2281,2023-08-08,4298.63,Savings,US-West
TX-1077,CUST-3413,2024-06-04,1589.66,Credit,EU
TX-1078,CUST-5784,2024-10-03,3416.78,Credit,EU
TX-1079,CUST-5514,2023-05-02,1151.48,Loan,EU
TX-1080,CUST-4005,2024-02-16,2757.24,Savings,EU
TX-1081,CUST-9027,2024-10-02,2047.67,Credit,US-West
TX-1082,CUST-9045,2023-08-16,3321.95,Savings,EU
TX-1083,CUST-8443,2024-03-25,1801.83,Credit,US-West
TX-1084,CUST-4761,2024-11-08,3304.6,Credit,US-West
TX-1085,CUST-4830,2024-06-17,2087.2,Savings,APAC
TX-1086,CUST-7563,2024-08-30,63.21,Credit,US-West
TX-1087,CUST-3355,2023-11-30,2868.21,Credit,US-West
TX-1088,CUST-2672,2024-07-26,2031.16,Loan,APAC
TX-1089,CUST-1183,2023-09-17,697.1,Credit,US-East
TX-1090,CUST-5722,2023-01-08,4253.63,Savings,US-East
TX-1091,CUST-6855,2024-01-06,3508.35,Loan,EU
TX-1092,CUST-8813,2023-07-30,4591.71,Savings,US-West
TX-1093,CUST-3686,2023-07-10,309.13,Loan,US-West
TX-1094,CUST-2110,2024-08-01,3395.66,Credit,US-East
TX-1095,CUST-2683,2024-11-28,3394.95,Credit,US-East
TX-1096,CUST-9678,2024-10-22,4624.19,Savings,APAC
TX-1097,CUST-6631,2023-01-13,4767.43,Credit,EU
TX-1098,CUST-7787,2024-01-07,404.81,Loan,US-East
TX-1099,CUST-7196,2023-05-10,4220.17,Loan,US-East
TX-1100,CUST-7240,2023-07-17,3548.76,Loan,US-East
TX-1101,CUST-8462,2024-12-23,2107.77,Credit,US-East
TX-1102,CUST-7106,2023-06-15,2893.42,Loan,US-East
TX-1103,CUST-5200,2024-11-04,2332.65,Savings,APAC
TX-1104,CUST-7820,2023-11-17,3875.08,Savings,US-West
TX-1105,CUST-2500,2023-12-18,3290.38,Credit,APAC
TX-1106,CUST-5089,2024-01-17,3016.93,Loan,APAC
TX-1107,CUST-1004,2023-02-03,3602.35,Loan,EU
TX-1108,CUST-7608,2023-12-14,4313.18,Credit,EU
TX-1109,CUST-7500,2024-06-10,500.87,Savings,US-East
TX-1110,CUST-1148,2024-05-17,2570.98,Loan,US-East
TX-1111,CUST-4871,2023-10-04,4562.4,Loan,US-West
TX-1112,CUST-5833,2024-06-10,2678.99,Loan,US-East
TX-1113,CUST-7854,2024-10-31,1123.87,Loan,APAC
TX-1114,CUST-4490,2023-07-26,1939.02,Savings,US-East
TX-1115,CUST-3006,2023-02-05,2377.66,Loan,US-West
TX-1116,CUST-9722,2023-01-23,3251.03,Savings,EU
TX-1117,CUST-2896,2024-12-16,248.06,Credit,EU
TX-1118,CUST-8618,2023-11-03,4792.01,Credit,APAC
TX-1119,CUST-4139,2024-12-18,406.13,Credit,EU
TX-1120,CUST-6637,2024-04-27,565.18,Loan,EU
TX-1121,CUST-5482,2024-02-16,1496.84,Savings,APAC
TX-1122,CUST-6408,2023-05-20,2869.08,Savings,APAC
TX-1123,CUST-8595,2024-02-04,3781.33,Savings,APAC
TX-1124,CUST-9046,2024-12-16,1886.77,Loan,US-East
TX-1125,CUST-2099,2024-11-28,2566.32,Savings,US-West
TX-1126,CUST-8457,2024-07-21,3724.98,Credit,US-West
TX-1127,CUST-6125,2023-01-06,1942.51,Savings,US-West
TX-1128,CUST-4550,2023-03-31,3456.46,Credit,EU
TX-1129,CUST-6083,2024-09-16,1062.05,Credit,US-East
TX-1130,CUST-9737,2023-04-15,1766.46,Credit,EU
TX-1131,CUST-3438,2024-09-08,160.39,Loan,APAC
TX-1132,CUST-5142,2024-09-17,1235.99,Loan,US-East
TX-1133,CUST-9142,2023-10-28,4797.7,Loan,EU
TX-1134,CUST-7827,2023-07-21,1679.02,Credit,US-West
TX-1135,CUST-2982,2024-12-25,371.25,Loan,APAC
TX-1136,CUST-9633,2023-09-28,3131.3,Loan,EU
TX-1137,CUST-4081,2024-05-08,4704.99,Savings,EU
TX-1138,CUST-5362,2024-09-21,1404.82,Savings,EU
TX-1139,CUST-2438,2024-04-28,3988.12,Credit,US-West
TX-1140,CUST-4079,2023-06-01,4951.45,Loan,APAC
TX-1141,CUST-4741,2024-07-23,1452.82,Savings,US-West
TX-1142,CUST-3493,2024-09-11,1790.59,Savings,APAC
TX-1143,CUST-6083,2023-07-17,2866.77,Savings,EU
TX-1144,CUST-2284,2024-11-20,1544.1,Credit,APAC
TX-1145,CUST-5507,2023-09-18,3051.97,Credit,US-West
TX-1146,CUST-1429,2024-08-03,4581.59,Loan,APAC
TX-1147,CUST-6468,2024-02-16,1949.68,Savings,APAC
TX-1148,CUST-2361,2024-11-04,1411.52,Loan,US-East
TX-1149,CUST-7256,2023-06-25,3356.27,Credit,EU
TX-1150,CUST-6378,2023-07-08,2037.15,Credit,EU
TX-1151,CUST-8222,2024-03-17,3528.0,Loan,US-West
TX-1152,CUST-7940,2024-10-24,2228.71,Credit,EU
TX-1153,CUST-9368,2024-03-24,597.4,Loan,US-East
TX-1154,CUST-7850,2023-11-03,2575.57,Loan,APAC
TX-1155,CUST-8434,2023-08-02,2339.35,Loan,US-West
TX-1156,CUST-8234,2024-07-27,4377.55,Loan,APAC
TX-1157,CUST-6082,2024-12-17,3877.85,Loan,US-East
TX-1158,CUST-4476,2024-12-02,1765.18,Credit,US-East
TX-1159,CUST-6834,2023-08-21,4490.34,Loan,EU
TX-1160,CUST-7301,2024-02-09,173.14,Loan,US-East
TX-1161,CUST-7724,2023-01-30,1401.75,Savings,EU
TX-1162,CUST-5587,2023-02-05,4479.81,Loan,US-East
TX-1163,CUST-4613,2023-02-08,791.98,Credit,APAC
TX-1164,CUST-7598,2024-01-03,1266.9,Loan,US-East
TX-1165,CUST-1764,2024-01-10,268.84,Loan,EU
TX-1166,CUST-5029,2023-08-30,1349.3,Loan,US-West
TX-1167,CUST-8443,2023-04-06,90.77,Credit,US-West
TX-1168,CUST-5145,2023-07-26,3082.97,Loan,US-West
TX-1169,CUST-3612,2023-08-01,2401.71,Savings,EU
TX-1170,CUST-2790,2023-05-17,702.59,Savings,US-West
TX-1171,CUST-8681,2023-05-12,626.18,Credit,APAC
TX-1172,CUST-6311,2023-05-22,303.1,Credit,US-East
TX-1173,CUST-8815,2023-07-10,2393.5,Loan,APAC
TX-1174,CUST-1868,2023-01-16,339.89,Loan,APAC
TX-1175,CUST-6154,2023-04-23,3338.46,Loan,US-East
TX-1176,CUST-6200,2024-09-07,3034.4,Credit,EU
TX-1177,CUST-8996,2024-12-04,281.15,Savings,US-West
TX-1178,CUST-6362,2023-02-28,617.47,Credit,US-West
TX-1179,CUST-9493,2024-11-08,4178.25,Credit,APAC
TX-1180,CUST-8580,2023-11-13,1732.14,Credit,US-West
TX-1181,CUST-8518,2023-06-04,4588.53,Credit,APAC
TX-1182,CUST-9523,2024-06-11,4364.5,Loan,US-East
TX-1183,CUST-4266,2023-01-30,4220.27,Savings,US-West
TX-1184,CUST-7820,2024-12-05,967.08,Loan,EU
TX-1185,CUST-5091,2024-03-19,680.23,Loan,EU
TX-1186,CUST-7246,2024-09-14,1634.27,Credit,EU
TX-1187,CUST-1233,2024-08-16,136.47,Loan,US-West
TX-1188,CUST-1386,2024-09-02,3658.62,Savings,US-West
TX-1189,CUST-2967,2024-03-24,1779.95,Credit,APAC
TX-1190,CUST-9753,2023-10-25,2199.38,Savings,US-West
TX-1191,CUST-5177,2023-02-13,1948.14,Loan,US-East
TX-1192,CUST-5885,2024-08-17,3637.29,Savings,APAC
TX-1193,CUST-2496,2024-04-28,2209.44,Loan,EU
TX-1194,CUST-1914,2024-04-02,3280.01,Savings,US-West
TX-1195,CUST-1149,2023-01-23,1306.73,Loan,US-West
TX-1196,CUST-5476,2023-04-19,4421.51,Loan,APAC
TX-1197,CUST-1455,2024-06-13,4182.27,Loan,APAC
TX-1198,CUST-8310,2023-02-06,3166.08,Loan,US-West
TX-1199,CUST-9070,2023-10-24,2023.27,Credit,US-West
TX-1200,CUST-4607,2023-03-19,538.91,Savings,US-East
TX-1201,CUST-7042,2023-09-20,2923.57,Loan,US-West
TX-1202,CUST-4851,2023-12-07,1369.16,Savings,US-West
TX-1203,CUST-2824,2024-07-24,2673.94,Credit,US-East
TX-1204,CUST-9822,2024-11-10,546.05,Loan,APAC
TX-1205,CUST-8068,2023-08-17,2272.45,Savings,EU
TX-1206,CUST-8121,2024-09-16,4096.62,Credit,APAC
TX-1207,CUST-9014,2023-11-15,4655.6,Credit,US-East
TX-1208,CUST-6153,2023-02-08,2247.39,Credit,APAC
TX-1209,CUST-8319,2023-12-31,2116.5,Loan,EU
TX-1210,CUST-3481,2023-02-01,1423.86,Savings,US-East
TX-1211,CUST-8411,2023-08-20,3258.17,Credit,APAC
TX-1212,CUST-7881,2023-03-18,4353.23,Loan,APAC
TX-1213,CUST-4775,2023-03-30,1992.64,Credit,EU
TX-1214,CUST-1016,2023-04-27,710.33,Loan,US-West
TX-1215,CUST-3693,2024-03-07,2038.07,Loan,APAC
TX-1216,CUST-4240,2023-11-12,3529.68,Savings,US-East
TX-1217,CUST-6702,2023-06-05,1606.66,Savings,EU
TX-1218,CUST-5315,2023-01-15,2810.33,Loan,APAC
TX-1219,CUST-2374,2023-05-12,2043.53,Loan,US-West
TX-1220,CUST-4411,2024-05-20,4704.56,Loan,US-East
TX-1221,CUST-4249,2024-06-16,3945.44,Credit,US-East
TX-1222,CUST-3379,2024-06-25,314.03,Savings,US-West
TX-1223,CUST-4661,2023-10-05,4996.71,Savings,US-East
TX-1224,CUST-8530,2024-01-07,3397.36,Loan,US-West
TX-1225,CUST-3773,2023-02-01,590.84,Credit,US-East
TX-1226,CUST-2000,2023-10-06,258.12,Credit,US-West
TX-1227,CUST-4830,2023-04-20,3157.12,Loan,EU
TX-1228,CUST-1284,2024-02-25,4280.1,Loan,US-East
TX-1229,CUST-5623,2024-05-10,4029.91,Credit,US-East
TX-1230,CUST-9913,2024-01-13,1716.54,Loan,APAC
TX-1231,CUST-3551,2024-06-10,4821.02,Savings,APAC
TX-1232,CUST-8699,2024-08-04,4511.06,Credit,US-East
TX-1233,CUST-7834,2024-05-04,4535.96,Credit,EU
TX-1234,CUST-9215,2023-08-04,1728.42,Savings,APAC
TX-1235,CUST-7470,2023-07-05,2432.32,Savings,APAC
TX-1236,CUST-6458,2023-07-15,2763.61,Savings,EU
TX-1237,CUST-7387,2024-09-15,3054.27,Loan,US-East
TX-1238,CUST-9830,2024-09-20,2477.23,Loan,US-East
TX-1239,CUST-9296,2024-10-20,658.06,Loan,US-West
TX-1240,CUST-9490,2023-02-11,69.45,Loan,EU
TX-1241,CUST-4118,2023-03-26,4051.49,Loan,EU
TX-1242,CUST-5304,2023-09-05,1863.33,Loan,US-West
TX-1243,CUST-5857,2024-02-17,4591.26,Credit,US-West
TX-1244,CUST-5251,2024-06-25,165.27,Loan,EU
TX-1245,CUST-7212,2023-06-12,2574.84,Loan,APAC
TX-1246,CUST-1653,2023-03-04,4322.12,Loan,APAC
TX-1247,CUST-6543,2024-10-30,4809.26,Credit,APAC
TX-1248,CUST-6235,2024-12-04,3995.09,Credit,US-West
TX-1249,CUST-6360,2023-01-30,1114.6,Loan,US-East
