transaction_id,customer_id,transaction_date,amount,account_type,region,transaction_type,is_fraud,fraud_rule
TX-1,CUST-9302,2024-12-13,4752.28,Credit,EU,Credit,False,
TX-2,CUST-5364,2024-04-28,3954.0,Savings,EU,Credit,False,
TX-3,CUST-5693,2023-09-16,34613.91,Loan,US-West,Credit,False,
TX-4,CUST-3011,2024-02-20,37922.82,Credit,US-East,Credit,False,
TX-5,CUST-7229,2023-08-04,4647.58,Credit,US-West,Credit,True,
TX-6,CUST-4006,2024-02-19,1502.11,Savings,EU,Debit,False,
TX-7,CUST-3584,2024-02-24,3966.35,Credit,EU,Debit,False,
TX-8,CUST-8116,2024-10-11,3814.76,Savings,APAC,Debit,False,
TX-9,CUST-5507,2024-02-04,2939.58,Credit,APAC,Credit,False,
TX-10,CUST-5854,2023-09-05,4429.18,Savings,US-West,Debit,False,
TX-11,CUST-9572,2024-05-23,3087.88,Credit,APAC,Debit,False,
TX-12,CUST-6049,2023-02-01,4121.13,Loan,EU,Debit,False,
TX-13,CUST-6869,2024-12-28,169.68,Loan,EU,Credit,False,
TX-14,CUST-5681,2024-02-24,3407.88,Credit,EU,Debit,False,
TX-15,CUST-7473,2023-12-05,2923.07,Loan,APAC,Debit,False,
TX-16,CUST-7017,2024-08-27,4453.98,Credit,US-East,Debit,False,
TX-17,CUST-5318,2024-08-15,17957.19,Savings,US-East,Debit,False,
TX-18,CUST-8054,2023-08-24,18614.37,Loan,US-West,Credit,False,
TX-19,CUST-7056,2024-01-15,1808.93,Loan,APAC,Credit,False,
TX-20,CUST-6840,2024-10-04,154.76,Savings,US-East,Credit,False,
TX-21,CUST-8144,2023-09-14,4961.63,Credit,US-West,Debit,False,
TX-22,CUST-8181,2023-09-03,1582.37,Savings,EU,Credit,False,
TX-23,CUST-3087,2024-08-23,447.57,Credit,US-West,Credit,False,
TX-24,CUST-3056,2023-12-16,1392.33,Savings,EU,Credit,False,
TX-25,CUST-8960,2023-12-24,341.04,Savings,US-East,Credit,False,
TX-26,CUST-5797,2023-08-24,3683.32,Savings,APAC,Credit,False,
TX-27,CUST-6924,2023-11-28,4330.6,Savings,EU,Debit,False,threshold_rule_v1
TX-28,CUST-6267,2024-04-15,4511.86,Credit,US-East,Debit,False,
TX-29,CUST-4526,2024-10-23,2806.93,Loan,EU,Credit,False,
TX-30,CUST-3657,2024-05-22,2992.33,Loan,US-East,Credit,False,
TX-31,CUST-1289,2024-10-18,2707.66,Credit,APAC,Credit,False,
TX-32,CUST-6962,2024-11-27,1380.2,Savings,EU,Debit,False,
TX-33,CUST-2473,2023-04-27,1301.08,Credit,US-West,Credit,False,
TX-34,CUST-4260,2024-04-20,2492.55,Credit,APAC,Credit,False,
TX-35,CUST-6905,2023-06-30,2081.94,Savings,EU,Credit,False,
TX-36,CUST-2310,2024-04-19,678.93,Credit,EU,Debit,False,
TX-37,CUST-5257,2024-05-01,1083.74,Savings,US-East,Debit,False,
TX-38,CUST-1468,2023-01-21,4035.98,Savings,US-West,Debit,False,
TX-39,CUST-2139,2024-02-17,4175.29,Savings,US-West,Debit,False,
TX-40,CUST-4006,2024-12-23,2978.71,Credit,EU,Credit,True,
TX-41,CUST-2971,2023-09-14,239.62,Savings,US-West,Credit,False,
TX-42,CUST-7193,2023-10-31,4439.76,Savings,APAC,Credit,False,
TX-43,CUST-9043,2024-01-23,3784.63,Savings,EU,Credit,False,
TX-44,CUST-1712,2024-12-05,4344.84,Credit,EU,Credit,False,
TX-45,CUST-9366,2023-05-14,4724.07,Savings,EU,Credit,False,
TX-46,CUST-7506,2023-06-20,1281.02,Loan,US-East,Credit,False,
TX-47,CUST-9783,2023-05-25,3548.08,Loan,EU,Debit,False,
TX-48,CUST-7651,2023-12-29,91.33,Loan,US-West,Debit,False,
TX-49,CUST-9685,2024-06-29,1145.05,Loan,US-West,Debit,False,
TX-50,CUST-4956,2024-02-14,1951.37,Loan,US-West,Debit,False,
TX-51,CUST-7668,2023-10-03,3536.81,Savings,US-East,Credit,False,
TX-52,CUST-4179,2023-06-25,2177.79,Savings,US-East,Debit,False,
TX-53,CUST-5848,2024-10-18,3367.5,Loan,EU,Credit,False,
TX-54,CUST-8008,2024-06-06,2410.14,Credit,US-East,Debit,False,
TX-55,CUST-8899,2023-12-16,29006.83,Credit,APAC,Credit,False,
TX-56,CUST-5355,2024-07-28,2660.64,Loan,US-East,Debit,False,
TX-57,CUST-7050,2024-01-07,4836.41,Loan,EU,Credit,False,
TX-58,CUST-1254,2024-11-14,850.28,Loan,US-West,Credit,False,
TX-59,CUST-7356,2024-11-01,3795.28,Savings,APAC,Debit,False,
TX-60,CUST-7618,2024-07-01,4552.11,Loan,US-East,Credit,False,
TX-61,CUST-1164,2023-03-31,1249.07,Credit,EU,Debit,False,
TX-62,CUST-8846,2024-12-27,2297.57,Credit,US-West,Debit,False,
TX-63,CUST-3665,2024-02-06,43702.18,Loan,US-West,Debit,False,
TX-64,CUST-6785,2024-06-02,3188.45,Credit,US-West,Debit,False,
TX-65,CUST-2688,2023-03-15,2988.58,Credit,EU,Debit,False,
TX-66,CUST-6966,2024-09-24,4911.1,Loan,APAC,Credit,False,
TX-67,CUST-6134,2023-05-14,1605.5,Loan,APAC,Debit,False,velocity_rule_v2
TX-68,CUST-3526,2024-10-01,4452.06,Savings,US-West,Debit,False,
TX-69,CUST-7606,2024-08-16,644.01,Credit,APAC,Debit,False,
TX-70,CUST-5042,2023-03-11,1401.41,Savings,US-East,Credit,False,
TX-71,CUST-1256,2023-08-05,3551.9,Savings,US-East,Debit,False,
TX-72,CUST-7175,2023-06-01,3029.84,Loan,US-East,Debit,False,
TX-73,CUST-9339,2024-10-17,2020.31,Savings,US-West,Debit,False,
TX-74,CUST-5071,2023-10-06,4687.03,Savings,US-East,Credit,False,
TX-75,CUST-1398,2023-05-08,3192.83,Savings,APAC,Credit,False,
TX-76,CUST-7329,2023-06-18,1122.6,Savings,APAC,Credit,False,
TX-77,CUST-6766,2024-07-11,3605.28,Loan,US-East,Debit,False,
TX-78,CUST-9067,2024-05-16,3240.35,Loan,US-East,Debit,False,
TX-79,CUST-6582,2024-04-27,663.5,Loan,US-East,Credit,False,
TX-80,CUST-5880,2023-05-29,1514.28,Loan,APAC,Credit,False,
TX-81,CUST-7659,2024-05-05,3474.5,Credit,EU,Credit,False,
TX-82,CUST-7679,2024-09-28,2116.41,Loan,EU,Credit,False,
TX-83,CUST-7731,2023-11-04,2415.49,Savings,APAC,Debit,False,
TX-84,CUST-7347,2024-10-22,3623.23,Savings,APAC,Debit,False,
TX-85,CUST-2085,2024-07-23,695.13,Loan,EU,Credit,False,
TX-86,CUST-9420,2023-02-17,2857.05,Loan,US-West,Credit,False,
TX-87,CUST-5349,2023-03-28,1624.65,Credit,APAC,Credit,False,
TX-88,CUST-1989,2024-02-01,4360.91,Savings,US-West,Debit,False,
TX-89,CUST-9631,2023-06-24,2356.06,Credit,EU,Credit,False,
TX-90,CUST-7360,2024-12-21,4087.14,Loan,US-East,Credit,False,
TX-91,CUST-6444,2023-12-22,2613.64,Savings,EU,Credit,False,
TX-92,CUST-4865,2023-10-15,980.06,Savings,US-East,Debit,False,
TX-93,CUST-9083,2023-04-13,908.28,Loan,US-East,Debit,False,
TX-94,CUST-4085,2024-09-07,3623.17,Credit,APAC,Debit,False,
TX-95,CUST-8772,2024-03-02,294.0,Loan,US-East,Credit,False,device_risk_v1
TX-96,CUST-3562,2023-03-09,1679.76,Credit,APAC,Credit,False,
TX-97,CUST-6918,2023-03-07,47904.95,Savings,US-East,Credit,False,
TX-98,CUST-1666,2024-08-21,2966.13,Loan,APAC,Debit,False,
TX-99,CUST-2236,2024-08-22,2755.25,Savings,US-East,Credit,False,
TX-100,CUST-7704,2024-09-17,1637.78,Loan,US-East,Debit,False,
TX-101,CUST-4715,2023-06-28,832.76,Credit,US-West,Debit,False,
TX-102,CUST-1968,2023-03-25,40652.16,Savings,APAC,Debit,False,
TX-103,CUST-7006,2023-03-13,561.3,Loan,APAC,Credit,False,
TX-104,CUST-2269,2023-12-07,2174.03,Loan,US-West,Credit,False,
TX-105,CUST-3954,2023-05-05,4196.81,Credit,US-East,Credit,False,
TX-106,CUST-1629,2023-08-28,204.12,Credit,APAC,Debit,False,
TX-107,CUST-2343,2023-08-19,2769.35,Credit,US-East,Debit,False,
TX-108,CUST-8797,2024-12-05,3879.71,Loan,APAC,Credit,False,
TX-109,CUST-9568,2024-05-03,2172.32,Credit,APAC,Credit,False,
TX-110,CUST-2010,2024-08-11,4801.18,Credit,US-West,Debit,False,
TX-111,CUST-4857,2023-02-17,1092.87,Loan,US-East,Debit,False,
TX-112,CUST-4839,2024-02-11,45299.8,Credit,US-West,Credit,False,
TX-113,CUST-5389,2024-07-05,3541.9,Loan,US-East,Debit,False,
TX-114,CUST-4051,2023-07-22,2575.19,Credit,APAC,Credit,False,
TX-115,CUST-2089,2024-04-24,1914.86,Credit,EU,Credit,False,
TX-116,CUST-5721,2023-06-08,4790.64,Savings,APAC,Debit,False,
TX-117,CUST-8694,2024-07-02,40109.09,Loan,APAC,Debit,False,
TX-118,CUST-4083,2023-03-08,3774.59,Loan,US-West,Debit,False,
TX-119,CUST-6766,2023-10-17,3230.77,Loan,APAC,Credit,False,
TX-120,CUST-1938,2023-07-25,3645.88,Loan,APAC,Debit,False,
TX-121,CUST-4408,2024-05-10,3409.97,Credit,US-East,Credit,False,
TX-122,CUST-6950,2024-12-02,3797.12,Savings,US-West,Credit,False,
TX-123,CUST-7966,2024-03-19,2213.54,Credit,EU,Credit,False,
TX-124,CUST-1677,2024-06-21,1101.45,Loan,US-West,Credit,False,
TX-125,CUST-4656,2023-04-25,4656.28,Credit,EU,Debit,False,
TX-126,CUST-1209,2024-09-18,1267.19,Savings,EU,Debit,False,
TX-127,CUST-5758,2023-09-25,3633.72,Credit,US-West,Credit,False,
TX-128,CUST-6448,2023-02-09,210.26,Savings,EU,Credit,False,
TX-129,CUST-4344,2023-04-29,1765.87,Credit,EU,Credit,False,
TX-130,CUST-3556,2023-04-02,3155.82,Savings,US-East,Credit,False,
TX-131,CUST-7601,2024-07-18,2768.79,Savings,US-West,Debit,False,
TX-132,CUST-3821,2023-08-22,4252.9,Credit,US-East,Debit,False,
TX-133,CUST-7168,2024-01-30,4371.53,Credit,EU,Credit,False,
TX-134,CUST-1863,2024-06-13,1346.78,Savings,US-West,Credit,False,
TX-135,CUST-9129,2024-08-13,19146.83,Credit,US-East,Debit,False,
TX-136,CUST-6106,2023-12-07,4842.73,Credit,EU,Debit,False,
TX-137,CUST-9291,2023-02-08,3550.13,Credit,US-East,Credit,False,
TX-138,CUST-3737,2023-11-26,2391.52,Loan,US-West,Credit,False,
TX-139,CUST-6933,2023-05-03,4394.31,Loan,US-West,Debit,False,
TX-140,CUST-7333,2023-08-13,4871.01,Credit,EU,Credit,False,
TX-141,CUST-5925,2023-12-29,4945.92,Savings,APAC,Credit,False,
TX-142,CUST-7723,2023-07-04,1407.16,Savings,EU,Debit,False,
TX-143,CUST-2002,2023-05-03,35525.6,Credit,US-East,Debit,False,
TX-144,CUST-8017,2024-01-29,2288.3,Credit,US-East,Debit,False,
TX-145,CUST-6524,2024-03-24,2293.13,Savings,US-West,Debit,False,
TX-146,CUST-1319,2023-06-26,3904.75,Savings,APAC,Debit,False,
TX-147,CUST-9773,2024-09-16,2145.52,Loan,EU,Credit,False,
TX-148,CUST-9949,2023-10-10,1115.4,Loan,US-West,Credit,False,
TX-149,CUST-6166,2023-12-08,812.17,Credit,US-West,Credit,False,
TX-150,CUST-5896,2023-05-11,1270.28,Credit,US-East,Credit,False,
TX-151,CUST-3211,2024-06-08,1915.63,Credit,US-East,Debit,False,
TX-152,CUST-6363,2024-03-09,1857.0,Loan,US-West,Debit,False,
TX-153,CUST-1473,2023-02-28,3421.63,Loan,US-West,Debit,False,
TX-154,CUST-3614,2024-07-20,4057.46,Loan,APAC,Debit,False,
TX-155,CUST-9276,2024-05-24,2616.83,Savings,US-West,Credit,False,
TX-156,CUST-7436,2023-02-18,4124.32,Savings,US-East,Credit,False,
TX-157,CUST-4190,2024-11-22,342.07,Savings,EU,Debit,False,
TX-158,CUST-4577,2024-10-07,4709.23,Savings,US-East,Debit,False,
TX-159,CUST-4787,2024-05-30,46433.37,Savings,EU,Debit,False,
TX-160,CUST-1932,2024-10-01,42775.93,Loan,APAC,Debit,False,
TX-161,CUST-5852,2023-03-22,112.33,Savings,US-East,Debit,False,
TX-162,CUST-4646,2023-11-03,1201.34,Loan,EU,Debit,False,
TX-163,CUST-7658,2024-07-21,3193.37,Savings,US-West,Credit,False,
TX-164,CUST-9313,2024-11-17,3405.47,Credit,US-East,Debit,False,
TX-165,CUST-3749,2024-08-13,413.14,Credit,US-East,Debit,False,
TX-166,CUST-4773,2023-07-03,3934.63,Loan,APAC,Credit,False,
TX-167,CUST-3951,2023-11-12,457.65,Savings,US-East,Debit,False,
TX-168,CUST-8101,2024-07-06,3093.92,Savings,EU,Credit,False,
TX-169,CUST-7243,2024-03-13,384.39,Loan,APAC,Debit,False,
TX-170,CUST-7467,2023-10-29,4496.23,Savings,US-West,Credit,False,
TX-171,CUST-2315,2023-03-15,4683.07,Credit,APAC,Debit,False,
TX-172,CUST-2896,2024-05-30,4405.53,Credit,US-East,Credit,False,
TX-173,CUST-1510,2024-02-27,22822.53,Loan,US-East,Debit,False,
TX-174,CUST-1064,2024-09-06,29917.94,Credit,APAC,Credit,False,
TX-175,CUST-1800,2023-10-05,1607.0,Credit,APAC,Credit,False,
TX-176,CUST-2238,2024-03-14,4126.09,Savings,US-East,Credit,False,
TX-177,CUST-2486,2024-08-08,2212.05,Savings,APAC,Debit,False,
TX-178,CUST-8177,2023-10-30,3072.68,Credit,US-West,Credit,False,
TX-179,CUST-2561,2024-12-30,4196.9,Loan,APAC,Credit,False,
TX-180,CUST-6054,2023-04-17,436.26,Credit,US-East,Debit,False,
TX-181,CUST-3118,2024-10-25,3108.78,Loan,APAC,Credit,False,
TX-182,CUST-7194,2023-05-23,3656.78,Credit,APAC,Debit,False,
TX-183,CUST-8915,2023-09-17,3009.53,Credit,US-East,Credit,False,
TX-184,CUST-7301,2024-09-13,106.59,Loan,US-West,Debit,False,
TX-185,CUST-9825,2024-05-23,4942.53,Credit,US-West,Credit,False,
TX-186,CUST-9770,2023-08-06,3524.67,Loan,US-West,Credit,False,
TX-187,CUST-4954,2024-10-20,4774.1,Savings,APAC,Debit,False,
TX-188,CUST-5911,2024-02-18,1755.28,Loan,US-West,Debit,False,
TX-189,CUST-7571,2023-03-25,1673.35,Savings,US-East,Debit,False,
TX-190,CUST-4449,2023-05-16,4109.76,Loan,US-West,Credit,False,
TX-191,CUST-5221,2023-12-23,2336.9,Savings,EU,Credit,False,
TX-192,CUST-2558,2024-12-01,2329.11,Loan,EU,Credit,False,
TX-193,CUST-9273,2024-06-20,4832.18,Savings,US-West,Debit,False,
TX-194,CUST-2878,2023-08-12,387.78,Credit,EU,Credit,False,
TX-195,CUST-5735,2023-12-09,4564.72,Savings,US-East,Credit,False,
TX-196,CUST-6462,2023-04-07,4928.89,Credit,US-West,Credit,False,
TX-197,CUST-9107,2023-12-19,1745.86,Savings,EU,Debit,False,
TX-198,CUST-2783,2023-08-14,3976.49,Loan,US-East,Credit,False,
TX-199,CUST-2234,2023-06-10,4330.33,Credit,APAC,Debit,False,
TX-200,CUST-2952,2024-11-02,644.45,Savings,US-East,Credit,False,
TX-201,CUST-1968,2023-08-30,3297.94,Savings,EU,Debit,False,
TX-202,CUST-8349,2023-02-26,1669.6,Loan,EU,Credit,False,
TX-203,CUST-9883,2023-01-02,4065.22,Credit,US-East,Debit,False,
TX-204,CUST-8679,2024-12-30,3885.4,Savings,APAC,Debit,False,
TX-205,CUST-3555,2023-05-07,435.23,Loan,US-West,Credit,False,
TX-206,CUST-8127,2023-04-15,2131.92,Loan,APAC,Debit,True,
TX-207,CUST-2242,2023-10-04,4254.92,Loan,US-East,Credit,False,
TX-208,CUST-3499,2024-01-04,868.36,Savings,EU,Debit,False,
TX-209,CUST-4545,2023-07-09,4328.84,Credit,US-East,Debit,False,
TX-210,CUST-1788,2024-05-09,1599.08,Credit,US-East,Credit,False,
TX-211,CUST-3446,2023-09-19,2779.88,Savings,APAC,Credit,False,
TX-212,CUST-1539,2023-12-22,4794.66,Savings,US-West,Credit,False,
TX-213,CUST-6546,2023-03-15,4362.8,Loan,APAC,Credit,False,
TX-214,CUST-5107,2023-08-27,3698.58,Savings,EU,Credit,False,
TX-215,CUST-3829,2023-02-17,3731.5,Loan,EU,Credit,False,
TX-216,CUST-7458,2023-02-05,989.44,Loan,EU,Credit,False,
TX-217,CUST-9594,2023-04-17,645.98,Loan,EU,Debit,False,
TX-218,CUST-2149,2023-03-04,2033.7,Savings,EU,Credit,False,
TX-219,CUST-1751,2024-08-31,3915.82,Savings,US-East,Credit,False,
TX-220,CUST-2540,2023-01-24,2356.54,Loan,US-West,Debit,False,
TX-221,CUST-6796,2024-04-25,2612.17,Credit,EU,Credit,False,
TX-222,CUST-8959,2023-03-29,35684.41,Savings,APAC,Credit,False,
TX-223,CUST-7900,2024-12-29,1297.89,Loan,EU,Credit,False,
TX-224,CUST-7059,2023-08-30,1554.31,Savings,US-West,Debit,False,
TX-225,CUST-8115,2024-01-13,2579.49,Savings,US-East,Debit,False,
TX-226,CUST-4368,2023-08-08,2563.92,Savings,EU,Credit,False,
TX-227,CUST-3487,2024-11-20,2332.19,Loan,US-West,Debit,False,
TX-228,CUST-2643,2023-07-08,3966.46,Loan,APAC,Credit,False,
TX-229,CUST-1675,2024-01-17,474.92,Credit,US-West,Debit,False,
TX-230,CUST-2154,2024-08-27,902.48,Savings,EU,Debit,False,
TX-231,CUST-6559,2023-12-08,3918.23,Loan,US-West,Debit,False,
TX-232,CUST-1281,2023-01-01,726.64,Loan,US-East,Credit,False,
TX-233,CUST-7940,2023-04-05,1685.04,Loan,US-West,Credit,False,
TX-234,CUST-4194,2024-10-16,334.3,Loan,EU,Credit,False,
TX-235,CUST-6350,2024-06-17,1948.73,Credit,APAC,Debit,False,
TX-236,CUST-3959,2024-01-11,2873.23,Credit,EU,Debit,False,
TX-237,CUST-4097,2024-03-16,2929.81,Credit,EU,Debit,False,
TX-238,CUST-1723,2023-07-09,1712.77,Credit,APAC,Debit,False,
TX-239,CUST-2299,2024-02-13,3295.19,Savings,US-West,Credit,False,
TX-240,CUST-4051,2024-03-02,4043.24,Loan,APAC,Debit,False,
TX-241,CUST-3372,2023-09-15,47376.43,Loan,US-West,Debit,False,
TX-242,CUST-8082,2024-11-08,1047.16,Loan,US-West,Debit,False,
TX-243,CUST-1370,2024-10-31,21926.01,Loan,US-East,Debit,False,
TX-244,CUST-8142,2024-10-12,2191.58,Savings,APAC,Debit,False,
TX-245,CUST-5145,2023-03-26,2155.28,Savings,US-West,Credit,False,
TX-246,CUST-3364,2023-04-21,2349.37,Loan,US-East,Debit,False,
TX-247,CUST-7755,2024-11-14,112.66,Credit,US-East,Credit,False,
TX-248,CUST-9878,2024-06-25,985.63,Savings,US-East,Debit,False,
TX-249,CUST-3732,2023-11-26,2847.8,Credit,US-East,Debit,False,
TX-250,CUST-1684,2023-09-02,49114.15,Savings,EU,Credit,False,
TX-251,CUST-4283,2024-08-18,32652.92,Loan,US-East,Debit,False,
TX-252,CUST-4061,2023-12-16,2104.97,Savings,US-East,Credit,False,
TX-253,CUST-8902,2023-01-20,3681.11,Savings,US-East,Credit,False,
TX-254,CUST-2918,2024-12-01,4958.99,Credit,US-West,Credit,False,
TX-255,CUST-1394,2024-01-16,40531.8,Credit,EU,Debit,False,
TX-256,CUST-9741,2024-03-20,2085.25,Savings,EU,Debit,False,
TX-257,CUST-7811,2024-02-02,3906.57,Credit,US-West,Debit,False,
TX-258,CUST-8108,2024-01-04,2928.47,Credit,US-West,Credit,False,
TX-259,CUST-2466,2024-06-03,593.13,Loan,APAC,Debit,False,
TX-260,CUST-5426,2023-06-04,35966.16,Credit,US-East,Debit,False,
TX-261,CUST-7322,2023-05-17,1937.49,Credit,EU,Credit,False,
TX-262,CUST-7386,2023-04-06,3191.02,Credit,APAC,Credit,False,
TX-263,CUST-2292,2023-06-20,1206.77,Loan,US-West,Credit,False,
TX-264,CUST-7590,2024-10-27,3146.5,Credit,US-East,Debit,False,
TX-265,CUST-4590,2023-04-22,24393.0,Loan,APAC,Debit,False,
TX-266,CUST-7176,2024-05-18,2365.35,Loan,US-West,Debit,False,
TX-267,CUST-8683,2023-02-11,1958.82,Loan,US-East,Credit,False,
TX-268,CUST-4680,2023-05-22,3897.8,Loan,EU,Debit,False,
TX-269,CUST-8383,2024-08-28,1342.28,Savings,APAC,Credit,False,
TX-270,CUST-6769,2024-02-17,2634.02,Savings,APAC,Credit,False,
TX-271,CUST-5116,2024-02-12,3170.59,Credit,US-West,Debit,False,
TX-272,CUST-9456,2024-10-21,3628.7,Credit,APAC,Credit,False,
TX-273,CUST-4317,2023-03-14,2421.17,Savings,US-East,Debit,False,
TX-274,CUST-1722,2023-03-13,22690.37,Savings,APAC,Credit,False,
TX-275,CUST-5835,2023-10-26,3608.01,Credit,US-West,Debit,False,
TX-276,CUST-5318,2023-08-04,2088.89,Savings,US-East,Credit,False,
TX-277,CUST-1425,2024-07-07,3407.84,Savings,US-West,Debit,False,
TX-278,CUST-3124,2023-10-04,869.82,Credit,US-East,Credit,False,
TX-279,CUST-6567,2023-11-16,4589.38,Savings,EU,Credit,False,
TX-280,CUST-3039,2023-06-10,4712.28,Credit,EU,Debit,False,
TX-281,CUST-9172,2023-11-04,2036.67,Loan,US-West,Credit,True,
TX-282,CUST-3439,2024-09-28,3292.37,Savings,US-West,Debit,False,
TX-283,CUST-6587,2024-12-01,4318.38,Savings,US-West,Debit,False,
TX-284,CUST-6751,2023-01-31,405.45,Loan,US-West,Credit,False,
TX-285,CUST-6885,2024-10-03,3778.34,Credit,APAC,Credit,False,
TX-286,CUST-2785,2023-06-12,3751.49,Loan,EU,Debit,False,
TX-287,CUST-8660,2024-10-07,2630.29,Credit,APAC,Debit,False,
TX-288,CUST-9491,2024-09-18,1176.67,Credit,US-West,Debit,False,
TX-289,CUST-1248,2024-06-04,3624.67,Savings,EU,Credit,False,
TX-290,CUST-8101,2024-12-24,1981.35,Loan,EU,Debit,False,
TX-291,CUST-8928,2024-06-11,1331.5,Savings,US-West,Credit,False,
TX-292,CUST-4089,2023-02-12,945.82,Loan,EU,Debit,False,
TX-293,CUST-5671,2024-08-04,1616.81,Loan,US-West,Debit,False,
TX-294,CUST-1414,2023-08-09,48239.2,Savings,EU,Credit,False,
TX-295,CUST-4356,2024-01-04,2649.07,Credit,APAC,Credit,False,
TX-296,CUST-8192,2024-07-06,903.62,Savings,US-East,Credit,False,
TX-297,CUST-9898,2024-08-24,4151.27,Credit,US-West,Credit,False,
TX-298,CUST-9535,2024-12-15,1987.12,Loan,APAC,Debit,False,
TX-299,CUST-1982,2023-04-15,1330.27,Loan,US-West,Credit,False,
TX-300,CUST-1526,2024-05-18,4756.82,Savings,EU,Credit,False,device_risk_v1
TX-301,CUST-2946,2023-09-20,2934.47,Savings,US-East,Credit,False,
TX-302,CUST-9112,2024-10-18,2748.93,Credit,APAC,Debit,False,
TX-303,CUST-8110,2023-12-01,190.01,Loan,US-East,Debit,False,
TX-304,CUST-5787,2024-11-05,319.33,Savings,APAC,Credit,False,
TX-305,CUST-7451,2024-10-15,4379.15,Credit,APAC,Credit,False,
TX-306,CUST-5864,2023-06-14,2128.35,Savings,APAC,Debit,False,
TX-307,CUST-9315,2023-12-10,4874.72,Savings,EU,Debit,False,
TX-308,CUST-4198,2023-03-12,2953.62,Loan,US-East,Credit,False,
TX-309,CUST-5117,2023-06-15,1747.45,Savings,US-West,Credit,False,
TX-310,CUST-5758,2024-12-25,768.07,Credit,EU,Credit,False,
TX-311,CUST-4859,2024-10-24,1289.35,Savings,US-East,Credit,False,
TX-312,CUST-4600,2023-02-20,3490.44,Loan,EU,Debit,False,
TX-313,CUST-5731,2023-09-19,4885.81,Credit,US-East,Debit,False,
TX-314,CUST-6237,2024-03-28,2481.63,Savings,EU,Credit,False,
TX-315,CUST-9053,2024-10-02,1413.76,Loan,EU,Debit,False,
TX-316,CUST-9066,2023-04-07,337.33,Savings,US-West,Credit,False,
TX-317,CUST-3233,2024-11-26,834.85,Loan,APAC,Debit,False,
TX-318,CUST-5197,2023-05-03,2432.49,Credit,US-East,Debit,False,
TX-319,CUST-1615,2024-07-10,2982.81,Loan,APAC,Credit,False,
TX-320,CUST-3339,2023-09-18,4913.0,Savings,US-West,Credit,False,
TX-321,CUST-1378,2024-01-29,776.9,Loan,APAC,Debit,False,
TX-322,CUST-7800,2023-04-20,3075.51,Savings,EU,Credit,False,
TX-323,CUST-4243,2024-11-28,786.84,Credit,APAC,Credit,False,
TX-324,CUST-1958,2023-05-31,4736.52,Loan,US-West,Credit,False,
TX-325,CUST-8020,2024-08-29,31253.6,Loan,APAC,Debit,False,
TX-326,CUST-1205,2023-06-04,1002.1,Credit,US-West,Credit,False,
TX-327,CUST-4120,2024-04-11,2302.3,Loan,EU,Debit,False,
TX-328,CUST-6167,2023-03-13,1428.54,Savings,EU,Credit,False,
TX-329,CUST-9350,2023-01-30,1164.04,Loan,EU,Debit,False,
TX-330,CUST-8259,2023-04-23,2661.2,Loan,US-West,Debit,False,
TX-331,CUST-2381,2023-07-18,3141.36,Loan,US-East,Debit,False,
TX-332,CUST-4574,2024-10-19,1704.52,Savings,US-East,Credit,False,
TX-333,CUST-2561,2024-09-18,741.53,Savings,US-East,Debit,False,
TX-334,CUST-9066,2023-01-31,3342.76,Credit,EU,Debit,False,
TX-335,CUST-2120,2024-11-03,21674.69,Loan,EU,Credit,False,
TX-336,CUST-2908,2024-03-24,25174.62,Savings,EU,Credit,False,
TX-337,CUST-1497,2024-05-30,2532.81,Credit,US-East,Credit,False,
TX-338,CUST-9654,2023-01-28,4815.57,Savings,US-West,Credit,False,
TX-339,CUST-2150,2023-07-21,447.03,Credit,APAC,Debit,False,
TX-340,CUST-1018,2024-08-15,3316.63,Credit,US-West,Credit,False,
TX-341,CUST-7454,2024-02-16,4893.36,Loan,US-West,Credit,False,
TX-342,CUST-7387,2024-11-20,4365.79,Loan,EU,Debit,False,
TX-343,CUST-1947,2024-01-29,1725.75,Loan,EU,Credit,False,
TX-344,CUST-7861,2023-07-21,4246.56,Loan,US-East,Credit,False,
TX-345,CUST-6656,2023-08-22,4074.95,Credit,APAC,Credit,False,
TX-346,CUST-8000,2024-01-03,4839.85,Credit,APAC,Debit,False,
TX-347,CUST-8689,2023-07-20,4255.24,Loan,EU,Debit,False,
TX-348,CUST-4131,2024-10-20,2684.24,Credit,EU,Debit,False,
TX-349,CUST-2244,2024-05-16,3572.46,Savings,US-West,Credit,False,
TX-350,CUST-7205,2023-01-23,26121.55,Credit,EU,Debit,False,
TX-351,CUST-7995,2023-02-16,3178.36,Savings,US-East,Credit,False,
TX-352,CUST-6293,2024-07-29,3966.01,Credit,EU,Credit,False,
TX-353,CUST-8735,2023-02-28,3127.5,Credit,APAC,Credit,False,
TX-354,CUST-2404,2024-04-30,1449.0,Loan,APAC,Debit,False,
TX-355,CUST-3968,2023-04-12,1072.62,Savings,EU,Credit,False,
TX-356,CUST-7452,2023-02-03,1118.83,Savings,APAC,Credit,False,
TX-357,CUST-5300,2023-03-11,4254.64,Savings,APAC,Credit,False,
TX-358,CUST-8019,2023-08-29,2132.76,Credit,EU,Credit,False,
TX-359,CUST-8607,2024-11-19,4471.04,Credit,US-East,Debit,False,
TX-360,CUST-6412,2023-05-26,3255.16,Credit,EU,Credit,False,
TX-361,CUST-4262,2023-01-03,4856.48,Loan,EU,Debit,False,
TX-362,CUST-3224,2023-09-14,612.33,Savings,US-West,Credit,False,
TX-363,CUST-6615,2023-08-08,3183.01,Credit,US-West,Debit,False,
TX-364,CUST-3808,2023-09-17,883.62,Credit,EU,Debit,False,
TX-365,CUST-1929,2024-12-23,2581.86,Credit,EU,Credit,False,
TX-366,CUST-8549,2024-02-13,429.53,Loan,APAC,Credit,False,
TX-367,CUST-5174,2023-06-29,172.05,Credit,US-West,Debit,False,
TX-368,CUST-8002,2023-09-03,420.97,Loan,US-East,Debit,False,
TX-369,CUST-9448,2023-02-03,818.8,Credit,APAC,Credit,False,
TX-370,CUST-7732,2024-02-20,2881.77,Credit,EU,Credit,False,
TX-371,CUST-4187,2024-02-08,1874.95,Credit,US-West,Debit,False,
TX-372,CUST-8097,2023-10-05,4903.67,Loan,US-East,Debit,False,
TX-373,CUST-7831,2024-01-27,3689.16,Savings,EU,Credit,False,
TX-374,CUST-5364,2023-08-24,4797.09,Savings,US-West,Credit,False,
TX-375,CUST-5370,2023-03-27,2100.67,Savings,US-West,Credit,False,
TX-376,CUST-2054,2023-11-26,3745.3,Loan,US-West,Debit,False,
TX-377,CUST-1275,2024-12-22,1248.39,Loan,APAC,Credit,False,
TX-378,CUST-9022,2024-07-20,1559.43,Savings,APAC,Debit,False,
TX-379,CUST-8077,2023-08-19,539.39,Loan,EU,Credit,False,
TX-380,CUST-9080,2023-12-21,2709.81,Credit,APAC,Credit,False,
TX-381,CUST-4104,2023-09-17,2167.08,Savings,APAC,Debit,False,
TX-382,CUST-4613,2024-01-27,1078.04,Loan,US-East,Debit,False,
TX-383,CUST-2294,2023-03-30,2824.58,Credit,APAC,Debit,False,
TX-384,CUST-4245,2023-01-26,4619.27,Loan,EU,Credit,False,
TX-385,CUST-1949,2024-02-10,259.23,Loan,APAC,Debit,False,
TX-386,CUST-2658,2023-10-19,2908.18,Credit,APAC,Debit,False,
TX-387,CUST-2817,2023-07-10,812.24,Savings,US-West,Credit,False,
TX-388,CUST-4476,2024-10-19,3877.09,Credit,EU,Credit,False,
TX-389,CUST-1027,2023-05-16,3388.48,Savings,APAC,Credit,False,
TX-390,CUST-2264,2024-03-19,547.76,Savings,EU,Credit,False,
TX-391,CUST-2326,2023-02-03,44686.09,Loan,US-West,Debit,False,
TX-392,CUST-6959,2023-11-04,1814.01,Credit,EU,Credit,False,
TX-393,CUST-5443,2023-09-11,3524.22,Savings,EU,Debit,False,
TX-394,CUST-7274,2024-07-15,4845.85,Credit,US-West,Credit,False,
TX-395,CUST-1944,2024-02-11,1003.25,Credit,APAC,Debit,False,
TX-396,CUST-7348,2024-08-25,576.21,Savings,US-East,Credit,False,
TX-397,CUST-1823,2023-01-02,862.37,Savings,EU,Credit,False,
TX-398,CUST-8537,2024-12-06,4129.8,Savings,EU,Credit,False,
TX-399,CUST-1543,2024-11-12,4186.2,Credit,EU,Credit,False,
TX-400,CUST-3866,2023-07-18,4737.14,Savings,US-East,Debit,False,
TX-401,CUST-1348,2024-05-20,501.69,Savings,APAC,Credit,False,
TX-402,CUST-3185,2023-09-26,2856.15,Credit,APAC,Debit,False,
TX-403,CUST-9086,2024-09-02,4665.61,Loan,US-West,Credit,False,
TX-404,CUST-3894,2023-11-25,2532.74,Credit,EU,Credit,False,
TX-405,CUST-2681,2024-12-19,2846.0,Loan,APAC,Credit,False,
TX-406,CUST-9854,2023-01-21,3357.88,Credit,APAC,Debit,False,
TX-407,CUST-4037,2023-06-11,2089.2,Loan,US-East,Debit,False,
TX-408,CUST-2781,2024-08-02,4692.19,Savings,EU,Credit,False,
TX-409,CUST-8551,2023-04-17,379.13,Loan,US-East,Credit,False,
TX-410,CUST-2157,2023-07-18,4775.6,Loan,EU,Credit,False,
TX-411,CUST-8649,2024-05-26,838.52,Loan,APAC,Debit,False,
TX-412,CUST-9791,2024-04-27,273.89,Savings,US-East,Debit,False,
TX-413,CUST-6413,2024-01-29,555.75,Loan,US-West,Credit,False,
TX-414,CUST-2925,2023-02-21,3231.77,Savings,APAC,Debit,False,
TX-415,CUST-9181,2024-11-26,3804.2,Loan,US-West,Credit,False,
TX-416,CUST-4824,2023-09-02,38105.18,Loan,US-West,Debit,False,
TX-417,CUST-2310,2024-08-26,2962.15,Credit,US-West,Credit,False,
TX-418,CUST-9906,2024-10-14,1967.3,Savings,US-West,Debit,False,
TX-419,CUST-2845,2023-05-13,3152.55,Loan,US-East,Credit,False,
TX-420,CUST-9909,2024-07-03,1788.83,Savings,US-East,Debit,False,
TX-421,CUST-9103,2023-06-03,4650.28,Savings,US-East,Debit,False,
TX-422,CUST-2333,2024-08-20,2137.02,Credit,US-West,Debit,False,
TX-423,CUST-2454,2023-07-22,1850.93,Loan,APAC,Debit,False,
TX-424,CUST-1792,2023-09-01,4833.28,Savings,EU,Debit,False,
TX-425,CUST-8874,2023-10-20,1814.15,Savings,US-East,Credit,False,
TX-426,CUST-6171,2024-01-09,15150.18,Loan,US-West,Credit,False,
TX-427,CUST-4852,2023-12-06,3391.96,Savings,US-East,Credit,False,
TX-428,CUST-7184,2023-10-31,4636.18,Credit,US-West,Debit,False,
TX-429,CUST-1978,2024-06-01,4206.17,Savings,APAC,Credit,False,
TX-430,CUST-6129,2023-05-18,28832.66,Savings,APAC,Debit,False,
TX-431,CUST-3455,2023-08-13,2088.72,Loan,US-West,Debit,False,
TX-432,CUST-9587,2024-10-24,4257.7,Savings,US-West,Credit,False,
TX-433,CUST-3589,2023-01-09,1076.92,Credit,APAC,Credit,False,
TX-434,CUST-4415,2024-05-11,1396.05,Credit,APAC,Credit,False,
TX-435,CUST-7878,2024-11-19,18022.59,Loan,US-West,Credit,False,
TX-436,CUST-7189,2023-01-17,2023.24,Savings,EU,Credit,False,
TX-437,CUST-5326,2024-09-28,890.4,Savings,US-West,Credit,False,
TX-438,CUST-9179,2024-01-27,2234.73,Loan,EU,Debit,False,
TX-439,CUST-4598,2024-05-17,1766.94,Loan,APAC,Debit,False,
TX-440,CUST-7407,2023-04-20,1661.07,Credit,US-East,Credit,False,
TX-441,CUST-4011,2023-01-31,1279.61,Loan,EU,Credit,False,
TX-442,CUST-6916,2023-09-23,4795.99,Credit,US-West,Credit,False,
TX-443,CUST-2019,2024-12-28,4848.39,Loan,APAC,Debit,False,
TX-444,CUST-6182,2024-01-22,1619.52,Credit,US-West,Debit,False,
TX-445,CUST-7013,2024-09-24,3124.57,Savings,APAC,Credit,False,
TX-446,CUST-2101,2023-12-31,4786.6,Savings,APAC,Credit,False,
TX-447,CUST-1981,2024-02-22,2685.95,Loan,APAC,Debit,False,
TX-448,CUST-9566,2024-12-30,359.0,Savings,US-East,Debit,False,
TX-449,CUST-2991,2023-11-07,3649.85,Credit,US-East,Credit,False,
TX-450,CUST-3569,2023-06-02,1106.57,Credit,US-East,Debit,False,
TX-451,CUST-4772,2023-04-22,3098.17,Credit,APAC,Credit,False,
TX-452,CUST-5829,2023-08-09,4662.92,Savings,US-East,Credit,False,
TX-453,CUST-9315,2024-10-01,27870.89,Savings,APAC,Debit,False,
TX-454,CUST-4389,2023-12-12,18411.05,Credit,US-East,Debit,False,
TX-455,CUST-9632,2023-02-14,3673.89,Savings,US-West,Credit,False,
TX-456,CUST-5904,2023-03-30,4642.18,Credit,APAC,Debit,False,
TX-457,CUST-2314,2024-02-26,2491.84,Savings,EU,Credit,False,
TX-458,CUST-8473,2024-03-31,42478.71,Loan,EU,Debit,False,
TX-459,CUST-5583,2023-04-16,4321.98,Savings,US-East,Credit,False,
TX-460,CUST-6431,2023-04-22,1584.58,Credit,US-West,Debit,False,geo_mismatch_v1
TX-461,CUST-2220,2023-04-08,4172.64,Credit,APAC,Debit,False,
TX-462,CUST-6479,2023-07-14,2797.13,Credit,APAC,Credit,False,
TX-463,CUST-6168,2024-04-08,1852.11,Credit,US-West,Debit,False,
TX-464,CUST-9257,2024-07-24,4278.39,Savings,EU,Debit,False,
TX-465,CUST-9974,2023-05-01,3397.38,Savings,EU,Debit,False,
TX-466,CUST-8735,2023-04-06,1187.66,Credit,US-East,Credit,False,
TX-467,CUST-8596,2024-06-23,4372.14,Savings,APAC,Debit,False,
TX-468,CUST-4439,2024-05-20,4071.39,Savings,EU,Debit,False,
TX-469,CUST-1732,2024-03-17,1273.37,Loan,US-East,Credit,False,
TX-470,CUST-4335,2023-07-05,2857.46,Savings,EU,Debit,False,
TX-471,CUST-3753,2023-07-17,3190.54,Savings,US-East,Credit,False,
TX-472,CUST-9481,2023-01-18,3308.73,Credit,US-West,Credit,False,
TX-473,CUST-5858,2023-01-17,1577.61,Credit,EU,Credit,False,
TX-474,CUST-4903,2023-09-02,3681.76,Loan,EU,Debit,False,
TX-475,CUST-5806,2023-06-10,4693.24,Loan,US-East,Debit,False,
TX-476,CUST-3448,2023-02-19,1885.91,Savings,US-West,Credit,False,
TX-477,CUST-6131,2023-12-01,1434.32,Loan,US-East,Debit,False,
TX-478,CUST-9441,2024-05-19,3485.63,Savings,EU,Credit,False,
TX-479,CUST-1891,2024-04-13,3204.54,Savings,US-East,Credit,False,
TX-480,CUST-7452,2023-09-19,403.62,Savings,US-East,Credit,False,
TX-481,CUST-7394,2023-05-03,3525.96,Savings,EU,Debit,False,
TX-482,CUST-7644,2024-11-17,1460.84,Savings,US-West,Debit,False,
TX-483,CUST-4898,2023-02-28,4355.31,Savings,US-West,Debit,False,
TX-484,CUST-5313,2024-06-10,44059.57,Credit,US-West,Debit,False,
TX-485,CUST-8911,2024-08-23,4518.99,Savings,US-East,Credit,False,
TX-486,CUST-7496,2023-04-01,15058.57,Credit,US-West,Credit,False,
TX-487,CUST-5797,2023-03-14,29322.65,Credit,US-West,Credit,False,
TX-488,CUST-4354,2024-05-19,3786.91,Loan,US-East,Credit,False,
TX-489,CUST-8825,2023-11-30,2305.27,Credit,US-East,Credit,False,
TX-490,CUST-2766,2023-01-28,1305.79,Loan,APAC,Debit,False,
TX-491,CUST-3892,2023-07-26,374.67,Credit,EU,Credit,False,
TX-492,CUST-5999,2024-06-30,25988.78,Loan,EU,Debit,False,
TX-493,CUST-4405,2023-05-29,3306.0,Savings,US-West,Credit,False,
TX-494,CUST-6848,2024-11-04,2240.23,Credit,EU,Credit,False,
TX-495,CUST-9396,2024-02-19,1290.19,Loan,US-West,Debit,False,
TX-496,CUST-9983,2023-03-06,182.51,Savings,APAC,Credit,False,
TX-497,CUST-4747,2023-03-23,2173.4,Loan,US-West,Debit,False,
TX-498,CUST-2607,2024-08-29,90.1,Credit,US-West,Debit,False,
TX-499,CUST-7733,2023-03-08,3915.62,Credit,EU,Credit,False,
TX-500,CUST-5158,2024-02-07,1224.71,Loan,US-East,Debit,False,
TX-501,CUST-5166,2023-03-04,3458.49,Loan,US-East,Credit,False,
TX-502,CUST-1771,2024-08-23,2051.43,Credit,US-West,Credit,False,
TX-503,CUST-9167,2024-06-16,4640.3,Loan,US-West,Debit,False,
TX-504,CUST-4944,2023-11-20,3252.3,Credit,US-East,Credit,False,
TX-505,CUST-3113,2023-09-11,3991.91,Credit,EU,Debit,False,
TX-506,CUST-9722,2023-04-01,3750.49,Savings,EU,Debit,False,
TX-507,CUST-4805,2023-08-05,2770.86,Credit,APAC,Debit,False,
TX-508,CUST-5626,2024-06-21,4870.32,Loan,APAC,Credit,False,
TX-509,CUST-6577,2024-09-05,4715.02,Savings,US-East,Credit,False,
TX-510,CUST-5518,2023-04-10,655.15,Loan,APAC,Debit,False,
TX-511,CUST-2403,2024-06-14,461.93,Savings,US-East,Credit,False,
TX-512,CUST-1739,2023-03-30,1998.7,Credit,US-East,Credit,False,
TX-513,CUST-4878,2024-01-24,4330.78,Loan,EU,Credit,False,
TX-514,CUST-8444,2023-08-02,1350.35,Credit,US-East,Credit,False,
TX-515,CUST-5815,2024-01-06,4451.27,Credit,US-West,Credit,False,
TX-516,CUST-8347,2023-02-17,32635.54,Loan,US-West,Debit,False,
TX-517,CUST-9642,2023-02-25,602.09,Credit,US-East,Debit,False,
TX-518,CUST-5174,2024-10-23,4024.5,Loan,US-East,Credit,False,
TX-519,CUST-6435,2024-10-29,216.37,Credit,APAC,Credit,False,
TX-520,CUST-9088,2024-04-06,3025.33,Credit,APAC,Credit,False,
TX-521,CUST-6830,2024-04-10,1190.06,Credit,EU,Debit,False,
TX-522,CUST-2586,2024-08-09,3285.13,Loan,APAC,Credit,False,
TX-523,CUST-8975,2023-05-10,4844.88,Savings,EU,Debit,False,
TX-524,CUST-9813,2024-04-26,3880.93,Credit,US-West,Credit,False,
TX-525,CUST-6416,2024-11-11,34622.1,Loan,EU,Debit,False,
TX-526,CUST-7315,2023-11-14,4864.29,Loan,EU,Credit,False,
TX-527,CUST-3728,2023-04-28,3432.91,Loan,APAC,Debit,False,
TX-528,CUST-4593,2024-07-16,3216.33,Savings,APAC,Credit,False,
TX-529,CUST-4685,2024-08-17,141.25,Loan,US-East,Debit,False,
TX-530,CUST-1286,2023-10-04,3434.47,Credit,EU,Credit,False,
TX-531,CUST-7586,2024-10-17,1526.37,Loan,EU,Debit,False,
TX-532,CUST-9148,2023-09-25,2471.9,Savings,APAC,Debit,False,
TX-533,CUST-1999,2024-11-19,1904.63,Credit,EU,Credit,False,
TX-534,CUST-6352,2023-05-03,4275.1,Credit,US-West,Debit,False,
TX-535,CUST-2853,2024-12-30,3066.1,Loan,APAC,Debit,False,
TX-536,CUST-1862,2024-03-07,4518.57,Savings,EU,Credit,False,
TX-537,CUST-1527,2023-07-21,1360.24,Savings,US-East,Credit,False,
TX-538,CUST-2162,2024-10-30,566.89,Credit,APAC,Credit,False,
TX-539,CUST-4086,2023-07-31,3237.51,Credit,US-West,Debit,False,
TX-540,CUST-2359,2023-01-19,2622.73,Credit,APAC,Debit,False,
TX-541,CUST-1027,2024-07-13,1246.27,Credit,US-East,Credit,False,
TX-542,CUST-4948,2023-06-25,2973.74,Savings,APAC,Credit,False,
TX-543,CUST-5921,2023-10-06,399.14,Loan,EU,Debit,False,
TX-544,CUST-7448,2024-11-24,3064.08,Credit,US-West,Debit,False,
TX-545,CUST-8354,2024-04-26,1309.38,Savings,US-East,Credit,False,
TX-546,CUST-2892,2024-06-03,3801.98,Loan,EU,Debit,False,
TX-547,CUST-6768,2024-05-12,4862.69,Credit,US-West,Credit,False,
TX-548,CUST-6305,2023-06-05,34067.46,Savings,EU,Credit,False,
TX-549,CUST-1842,2023-03-22,4255.11,Loan,EU,Debit,False,
TX-550,CUST-7097,2023-09-26,3957.72,Loan,US-West,Credit,False,
TX-551,CUST-6020,2024-09-15,1490.24,Credit,EU,Credit,False,
TX-552,CUST-5864,2023-06-05,1849.6,Loan,US-West,Credit,False,
TX-553,CUST-3381,2023-04-16,2389.44,Loan,US-West,Debit,False,
TX-554,CUST-1381,2024-11-19,1736.35,Savings,EU,Debit,False,
TX-555,CUST-5074,2024-12-09,4332.59,Loan,EU,Credit,False,
TX-556,CUST-8621,2024-10-24,3799.51,Credit,EU,Credit,False,
TX-557,CUST-9654,2023-08-02,4886.87,Credit,APAC,Credit,False,
TX-558,CUST-4309,2023-10-30,3937.39,Savings,US-East,Debit,False,
TX-559,CUST-3106,2023-12-24,1619.22,Loan,EU,Credit,False,
TX-560,CUST-3483,2023-05-26,4500.17,Credit,US-East,Debit,False,
TX-561,CUST-1244,2024-07-13,2024.74,Savings,US-West,Credit,False,
TX-562,CUST-1479,2024-02-19,27084.5,Credit,US-West,Credit,False,
TX-563,CUST-1087,2023-08-05,1624.76,Loan,US-West,Credit,False,
TX-564,CUST-1162,2024-08-15,3633.84,Savings,US-West,Credit,False,
TX-565,CUST-5298,2023-02-16,2108.29,Credit,EU,Debit,False,
TX-566,CUST-1929,2023-11-13,2770.14,Savings,US-East,Credit,False,
TX-567,CUST-6830,2023-09-20,1628.32,Savings,APAC,Credit,False,
TX-568,CUST-9987,2023-04-17,439.97,Credit,EU,Credit,False,
TX-569,CUST-6376,2023-02-12,1004.13,Loan,US-West,Credit,False,
TX-570,CUST-6885,2023-07-07,4110.71,Credit,EU,Credit,False,
TX-571,CUST-6244,2024-11-03,2434.33,Savings,US-West,Credit,False,
TX-572,CUST-6776,2023-12-11,3963.43,Credit,EU,Credit,False,
TX-573,CUST-6828,2023-10-23,182.9,Loan,US-East,Debit,False,
TX-574,CUST-7668,2023-01-04,4474.25,Loan,APAC,Credit,False,
TX-575,CUST-6914,2023-12-29,4691.53,Savings,APAC,Credit,False,
TX-576,CUST-7687,2023-07-31,3963.76,Credit,EU,Debit,False,
TX-577,CUST-9425,2024-02-12,1807.91,Credit,US-West,Credit,False,
TX-578,CUST-9623,2024-09-06,1151.52,Loan,US-East,Credit,False,
TX-579,CUST-4044,2024-02-15,3720.96,Loan,US-East,Credit,False,
TX-580,CUST-5318,2024-10-26,3162.86,Credit,EU,Credit,False,
TX-581,CUST-8279,2024-06-10,4268.09,Credit,APAC,Debit,False,
TX-582,CUST-8541,2024-10-15,4889.46,Credit,EU,Credit,False,
TX-583,CUST-2486,2023-09-25,4001.01,Credit,EU,Debit,False,
TX-584,CUST-4749,2024-07-07,1401.54,Loan,US-West,Credit,False,
TX-585,CUST-8055,2024-08-17,913.33,Loan,US-West,Credit,False,
TX-586,CUST-2539,2024-10-11,954.8,Credit,EU,Debit,False,
TX-587,CUST-5509,2023-01-09,3210.36,Savings,APAC,Credit,False,
TX-588,CUST-4950,2024-03-25,2477.77,Credit,EU,Debit,False,
TX-589,CUST-8285,2024-02-16,2370.23,Credit,EU,Credit,False,
TX-590,CUST-6792,2024-12-27,3453.63,Savings,US-West,Debit,False,
TX-591,CUST-8216,2024-03-24,3141.57,Loan,US-East,Credit,False,
TX-592,CUST-9607,2024-08-22,28950.93,Loan,EU,Debit,False,
TX-593,CUST-8921,2024-06-27,176.34,Loan,APAC,Credit,False,
TX-594,CUST-7191,2024-03-10,774.56,Loan,US-East,Debit,False,
TX-595,CUST-2354,2023-11-26,37092.03,Loan,EU,Credit,False,
TX-596,CUST-9032,2023-06-17,4385.63,Credit,APAC,Debit,False,
TX-597,CUST-7930,2024-03-02,3777.4,Savings,APAC,Credit,False,
TX-598,CUST-4081,2023-04-30,1306.69,Savings,US-East,Debit,False,
TX-599,CUST-5868,2024-05-20,1322.72,Loan,US-East,Credit,False,
TX-600,CUST-7229,2023-04-14,1580.82,Savings,US-West,Credit,False,
TX-601,CUST-5094,2023-12-29,1183.56,Savings,EU,Credit,False,
TX-602,CUST-5842,2024-10-01,1440.84,Loan,APAC,Credit,False,
TX-603,CUST-9709,2024-10-29,3341.91,Savings,US-West,Credit,False,
TX-604,CUST-8147,2023-09-30,116.55,Credit,APAC,Debit,False,
TX-605,CUST-9973,2024-10-27,1302.15,Credit,EU,Debit,False,
TX-606,CUST-7168,2024-02-24,26642.83,Savings,EU,Credit,False,
TX-607,CUST-9406,2023-04-22,1401.47,Credit,EU,Debit,False,
TX-608,CUST-9924,2024-11-29,2628.87,Savings,US-East,Credit,False,
TX-609,CUST-3427,2024-08-24,1916.12,Credit,US-East,Credit,False,
TX-610,CUST-6375,2024-02-07,4287.84,Loan,US-East,Debit,False,
TX-611,CUST-3237,2024-08-25,739.02,Loan,APAC,Debit,False,
TX-612,CUST-3675,2024-07-14,2394.02,Savings,US-West,Debit,False,
TX-613,CUST-7544,2024-09-29,1926.66,Savings,APAC,Credit,False,
TX-614,CUST-2694,2024-10-23,11938.57,Savings,EU,Debit,False,
TX-615,CUST-7001,2024-05-23,2811.85,Savings,APAC,Credit,False,
TX-616,CUST-9484,2024-09-11,4166.27,Credit,US-West,Credit,False,
TX-617,CUST-6846,2023-09-29,1091.89,Credit,US-West,Credit,False,
TX-618,CUST-4174,2023-02-09,3411.39,Savings,APAC,Debit,False,
TX-619,CUST-3040,2023-03-23,3915.93,Savings,EU,Debit,False,
TX-620,CUST-6985,2024-01-30,1817.93,Credit,US-East,Debit,False,
TX-621,CUST-9465,2024-08-12,163.37,Loan,APAC,Credit,False,
TX-622,CUST-4633,2024-01-07,4498.53,Loan,EU,Credit,False,
TX-623,CUST-3866,2024-10-28,4855.42,Savings,EU,Credit,False,
TX-624,CUST-1637,2023-02-10,3720.62,Savings,US-East,Credit,False,
TX-625,CUST-4672,2023-02-11,22401.36,Loan,US-East,Credit,False,
TX-626,CUST-8257,2024-09-07,2943.38,Savings,US-West,Debit,False,
TX-627,CUST-6938,2023-04-01,3441.69,Credit,APAC,Credit,False,
TX-628,CUST-8586,2024-01-14,1723.63,Loan,APAC,Credit,False,
TX-629,CUST-5328,2024-01-06,1016.57,Credit,EU,Credit,False,
TX-630,CUST-5576,2024-07-26,95.57,Loan,EU,Credit,False,
TX-631,CUST-2865,2023-08-04,562.91,Loan,US-West,Credit,False,
TX-632,CUST-6080,2023-05-15,97.45,Loan,APAC,Debit,False,
TX-633,CUST-9116,2024-08-26,1047.04,Loan,APAC,Debit,False,
TX-634,CUST-4572,2024-01-18,1805.86,Savings,US-West,Debit,False,
TX-635,CUST-8769,2023-12-11,2024.24,Credit,US-West,Credit,False,
TX-636,CUST-4642,2023-07-14,3277.27,Loan,APAC,Credit,False,
TX-637,CUST-7240,2024-04-06,153.49,Loan,EU,Credit,False,
TX-638,CUST-7220,2024-12-16,4908.97,Savings,US-East,Debit,False,
TX-639,CUST-7121,2024-10-02,3485.24,Savings,US-West,Debit,False,
TX-640,CUST-9174,2024-10-10,2889.93,Loan,EU,Credit,False,
TX-641,CUST-5766,2024-12-28,2240.73,Credit,US-West,Credit,False,
TX-642,CUST-2637,2023-03-10,924.96,Loan,EU,Credit,False,
TX-643,CUST-6797,2024-07-26,2591.44,Credit,US-East,Debit,False,
TX-644,CUST-9002,2023-06-10,2472.77,Savings,US-East,Debit,False,
TX-645,CUST-9361,2024-11-28,1638.81,Savings,US-West,Debit,False,
TX-646,CUST-3248,2024-03-19,4323.56,Credit,US-West,Credit,False,
TX-647,CUST-4873,2023-04-11,2273.72,Credit,US-East,Credit,False,
TX-648,CUST-2461,2024-01-14,4021.68,Loan,EU,Credit,False,
TX-649,CUST-5611,2024-07-03,998.91,Loan,US-East,Credit,False,
TX-650,CUST-3493,2023-05-16,1363.49,Savings,US-East,Credit,False,
TX-651,CUST-1032,2024-10-08,1156.32,Savings,US-West,Debit,False,
TX-652,CUST-4598,2023-05-06,3300.82,Credit,EU,Debit,False,
TX-653,CUST-3677,2024-01-13,4831.45,Savings,EU,Credit,False,
TX-654,CUST-5723,2024-01-26,11582.3,Loan,US-West,Debit,False,
TX-655,CUST-1599,2024-12-15,1656.53,Savings,US-West,Credit,False,
TX-656,CUST-2887,2024-11-10,1412.53,Loan,US-West,Credit,False,
TX-657,CUST-9142,2023-05-29,51.19,Savings,EU,Credit,False,
TX-658,CUST-3995,2024-05-14,1635.03,Loan,US-West,Credit,False,
TX-659,CUST-4667,2023-01-30,976.53,Loan,EU,Credit,False,
TX-660,CUST-5779,2024-08-11,1443.92,Savings,US-West,Credit,False,
TX-661,CUST-2627,2024-05-26,1986.82,Credit,EU,Credit,False,
TX-662,CUST-4563,2024-07-11,3609.9,Savings,APAC,Debit,False,
TX-663,CUST-4591,2024-03-24,2202.98,Credit,US-West,Credit,False,
TX-664,CUST-4311,2023-09-15,1487.53,Credit,EU,Credit,False,
TX-665,CUST-6462,2024-01-22,3225.16,Loan,US-West,Credit,False,
TX-666,CUST-8547,2023-01-28,2139.02,Credit,US-West,Debit,False,
TX-667,CUST-7160,2023-05-30,1651.16,Credit,US-West,Credit,False,
TX-668,CUST-1293,2023-02-02,3329.36,Loan,US-East,Debit,False,
TX-669,CUST-5526,2024-05-09,710.25,Loan,US-West,Credit,False,
TX-670,CUST-9280,2023-07-28,1120.53,Savings,APAC,Credit,False,
TX-671,CUST-4477,2024-12-21,2629.45,Credit,US-West,Debit,True,
TX-672,CUST-2633,2023-12-02,799.84,Credit,US-West,Credit,False,
TX-673,CUST-4299,2024-04-27,1779.65,Credit,US-West,Credit,False,
TX-674,CUST-2817,2024-09-04,2372.76,Loan,US-West,Credit,False,
TX-675,CUST-7798,2024-04-18,2353.92,Loan,EU,Debit,False,
TX-676,CUST-9120,2023-06-28,2077.01,Savings,EU,Credit,False,
TX-677,CUST-2982,2023-03-14,4408.88,Loan,US-West,Credit,False,
TX-678,CUST-4646,2024-01-07,508.25,Credit,EU,Debit,False,
TX-679,CUST-8312,2024-10-19,2507.0,Loan,US-East,Credit,False,
TX-680,CUST-2066,2023-11-09,4358.51,Savings,APAC,Debit,False,
TX-681,CUST-7774,2023-07-23,200.59,Loan,US-West,Debit,False,
TX-682,CUST-7891,2024-04-18,4387.67,Savings,US-East,Credit,False,
TX-683,CUST-4892,2024-03-15,247.2,Loan,APAC,Credit,False,
TX-684,CUST-3563,2023-10-26,10804.87,Savings,US-West,Credit,False,
TX-685,CUST-4209,2024-04-22,3774.19,Loan,APAC,Debit,False,
TX-686,CUST-9102,2024-02-24,1515.96,Savings,APAC,Debit,False,
TX-687,CUST-6862,2024-11-19,2505.68,Loan,US-West,Debit,False,
TX-688,CUST-9162,2023-12-21,3242.03,Credit,US-East,Debit,False,
TX-689,CUST-1749,2023-06-22,2846.84,Loan,EU,Debit,False,
TX-690,CUST-5624,2023-05-20,3845.15,Loan,EU,Credit,False,
TX-691,CUST-4917,2023-05-20,1320.04,Loan,US-West,Credit,False,
TX-692,CUST-9882,2024-09-28,3524.18,Credit,EU,Debit,False,
TX-693,CUST-6969,2024-10-20,36418.79,Loan,US-West,Credit,False,
TX-694,CUST-3451,2023-01-25,11878.58,Savings,US-East,Credit,False,
TX-695,CUST-8675,2023-05-03,2235.46,Loan,US-West,Debit,False,
TX-696,CUST-6158,2024-11-27,26477.86,Credit,US-West,Credit,False,
TX-697,CUST-3472,2023-08-18,48148.15,Savings,US-East,Debit,False,
TX-698,CUST-2310,2023-06-04,1609.6,Credit,EU,Debit,False,
TX-699,CUST-7792,2023-12-05,2934.48,Credit,EU,Credit,False,
TX-700,CUST-2845,2024-05-07,2357.4,Loan,APAC,Debit,False,
TX-701,CUST-5271,2023-11-25,13740.8,Loan,APAC,Credit,False,
TX-702,CUST-7732,2024-06-14,24487.26,Credit,US-East,Credit,False,
TX-703,CUST-2963,2023-08-15,4285.36,Savings,US-East,Credit,False,
TX-704,CUST-8543,2024-12-16,4094.78,Credit,APAC,Credit,False,
TX-705,CUST-3953,2023-11-18,4167.74,Savings,EU,Credit,False,
TX-706,CUST-8655,2023-12-09,4511.55,Credit,APAC,Credit,False,
TX-707,CUST-1303,2023-04-25,1086.67,Loan,EU,Credit,False,
TX-708,CUST-7874,2024-08-11,4496.48,Credit,US-East,Credit,False,
TX-709,CUST-6243,2023-05-30,3863.67,Loan,US-East,Debit,False,
TX-710,CUST-8466,2023-10-24,1196.01,Loan,EU,Debit,False,
TX-711,CUST-7144,2024-07-06,3354.66,Credit,US-West,Credit,False,
TX-712,CUST-1599,2024-05-24,1807.57,Savings,EU,Credit,False,
TX-713,CUST-2982,2024-09-02,249.22,Loan,EU,Credit,False,
TX-714,CUST-6529,2023-03-06,72.18,Savings,US-West,Credit,False,
TX-715,CUST-8476,2024-08-25,2168.53,Savings,US-West,Debit,False,
TX-716,CUST-8951,2024-10-03,2405.19,Savings,APAC,Debit,False,
TX-717,CUST-4015,2023-07-21,4432.77,Loan,APAC,Credit,False,
TX-718,CUST-2608,2024-07-13,2649.83,Loan,EU,Credit,False,
TX-719,CUST-6565,2023-12-06,4675.87,Credit,US-West,Credit,False,
TX-720,CUST-4863,2023-09-26,784.28,Credit,US-East,Debit,False,
TX-721,CUST-2692,2023-06-13,10283.86,Credit,US-West,Credit,False,
TX-722,CUST-2199,2024-10-25,1519.42,Loan,US-West,Debit,False,
TX-723,CUST-7228,2024-01-18,1240.53,Loan,EU,Debit,False,
TX-724,CUST-3565,2024-11-25,2318.32,Credit,APAC,Credit,False,
TX-725,CUST-2241,2024-12-19,1656.66,Loan,APAC,Debit,False,
TX-726,CUST-5090,2024-04-11,3563.66,Credit,APAC,Debit,False,
TX-727,CUST-7577,2023-06-13,972.35,Loan,US-West,Debit,False,
TX-728,CUST-2877,2023-12-05,516.85,Savings,EU,Credit,False,
TX-729,CUST-2348,2023-11-02,1677.72,Savings,EU,Credit,False,
TX-730,CUST-9018,2024-03-22,4144.27,Savings,APAC,Debit,False,
TX-731,CUST-6247,2024-07-01,4724.54,Loan,US-East,Debit,False,
TX-732,CUST-9306,2024-02-20,3795.86,Loan,APAC,Debit,False,
TX-733,CUST-7068,2024-05-17,4757.34,Savings,APAC,Debit,False,
TX-734,CUST-3154,2024-09-23,903.02,Credit,US-West,Debit,False,
TX-735,CUST-1697,2023-02-01,522.54,Loan,EU,Debit,False,
TX-736,CUST-6562,2024-07-02,226.37,Savings,EU,Credit,False,
TX-737,CUST-7406,2023-05-13,788.22,Savings,EU,Credit,False,
TX-738,CUST-7154,2023-07-20,3243.16,Savings,EU,Debit,False,
TX-739,CUST-4285,2023-11-03,4053.67,Loan,APAC,Debit,False,
TX-740,CUST-4672,2023-04-19,2657.11,Savings,APAC,Debit,False,
TX-741,CUST-3159,2023-10-22,307.66,Savings,US-East,Credit,False,
TX-742,CUST-6765,2024-09-25,15460.12,Loan,US-West,Debit,False,
TX-743,CUST-7232,2024-11-09,4040.25,Loan,APAC,Debit,False,
TX-744,CUST-9075,2024-07-06,3072.01,Loan,US-East,Credit,False,
TX-745,CUST-8257,2023-08-17,4847.75,Credit,EU,Credit,False,
TX-746,CUST-2624,2024-05-08,1472.91,Credit,US-West,Credit,False,
TX-747,CUST-8769,2023-08-01,956.99,Savings,EU,Credit,False,
TX-748,CUST-7667,2023-08-04,486.98,Credit,US-West,Credit,False,
TX-749,CUST-1422,2024-12-16,1769.92,Credit,US-West,Credit,False,
TX-750,CUST-4176,2024-11-18,2192.12,Loan,US-West,Credit,False,
TX-751,CUST-3712,2024-12-08,1646.67,Savings,APAC,Debit,False,
TX-752,CUST-2533,2023-06-19,1776.05,Savings,EU,Debit,False,
TX-753,CUST-1847,2024-04-18,2508.29,Loan,EU,Debit,True,
TX-754,CUST-5013,2023-02-01,2541.72,Savings,US-West,Credit,False,
TX-755,CUST-7170,2024-10-24,4309.13,Savings,APAC,Credit,False,
TX-756,CUST-1065,2023-05-13,36920.33,Credit,US-West,Debit,False,
TX-757,CUST-6447,2023-04-08,354.64,Credit,US-East,Credit,False,
TX-758,CUST-9154,2024-12-25,4266.82,Savings,EU,Debit,False,
TX-759,CUST-2892,2024-01-17,1113.61,Savings,EU,Debit,False,
TX-760,CUST-7615,2023-08-22,2742.67,Credit,EU,Credit,False,
TX-761,CUST-8329,2023-10-28,4578.34,Loan,US-East,Debit,False,
TX-762,CUST-7843,2024-11-22,31630.63,Savings,EU,Credit,False,
TX-763,CUST-4168,2023-10-08,1088.21,Savings,US-West,Credit,False,
TX-764,CUST-3235,2024-05-02,1259.98,Loan,US-East,Debit,False,
TX-765,CUST-6380,2024-02-14,4742.05,Loan,US-West,Credit,False,geo_mismatch_v1
TX-766,CUST-3452,2023-05-11,1446.2,Savings,APAC,Debit,False,
TX-767,CUST-9896,2023-11-14,4796.05,Loan,US-East,Credit,False,
TX-768,CUST-4722,2024-01-02,4674.07,Loan,US-West,Credit,False,
TX-769,CUST-7589,2023-04-24,1922.86,Credit,APAC,Debit,False,
TX-770,CUST-2760,2023-11-19,4553.53,Savings,US-West,Debit,False,
TX-771,CUST-4236,2023-09-09,4391.09,Credit,US-East,Credit,False,
TX-772,CUST-5276,2023-03-18,1771.31,Savings,EU,Credit,False,
TX-773,CUST-6644,2023-04-02,4140.48,Loan,US-East,Debit,False,
TX-774,CUST-6363,2023-12-07,4913.11,Credit,EU,Credit,False,
TX-775,CUST-4276,2024-03-24,3077.08,Savings,APAC,Debit,False,
TX-776,CUST-9989,2024-02-29,42076.56,Loan,US-West,Debit,False,
TX-777,CUST-3182,2024-10-15,2390.99,Loan,US-West,Debit,False,
TX-778,CUST-1719,2024-05-13,2648.14,Credit,EU,Debit,False,
TX-779,CUST-8749,2024-10-09,3288.13,Savings,US-West,Credit,False,
TX-780,CUST-3156,2024-07-28,4919.12,Credit,US-West,Debit,False,
TX-781,CUST-5139,2024-05-24,2689.97,Credit,APAC,Debit,False,
TX-782,CUST-1632,2023-06-01,3621.31,Credit,EU,Credit,False,
TX-783,CUST-1622,2023-12-27,1769.02,Credit,US-West,Debit,False,
TX-784,CUST-4943,2024-08-23,2086.98,Credit,APAC,Credit,False,
TX-785,CUST-5795,2024-09-15,2685.14,Credit,EU,Credit,False,
TX-786,CUST-3523,2023-09-13,1709.68,Loan,APAC,Credit,False,
TX-787,CUST-6088,2024-02-01,696.4,Credit,US-East,Debit,False,
TX-788,CUST-9149,2023-05-19,3219.29,Savings,US-West,Credit,False,
TX-789,CUST-9675,2024-06-12,275.73,Credit,US-West,Debit,False,
TX-790,CUST-2848,2023-05-14,494.01,Loan,US-East,Debit,False,
TX-791,CUST-6351,2024-04-02,4386.39,Loan,EU,Credit,False,
TX-792,CUST-5302,2024-06-03,1105.16,Loan,US-East,Credit,False,
TX-793,CUST-7236,2024-02-12,4955.04,Loan,US-East,Debit,False,
TX-794,CUST-5536,2024-12-20,134.88,Savings,EU,Credit,False,
TX-795,CUST-1063,2024-07-13,948.81,Credit,EU,Debit,False,
TX-796,CUST-2542,2023-09-05,2634.45,Credit,US-West,Credit,False,
TX-797,CUST-7090,2023-04-08,4196.47,Savings,EU,Credit,False,
TX-798,CUST-3458,2023-05-20,379.93,Credit,US-East,Debit,False,
TX-799,CUST-2948,2023-06-12,1764.68,Loan,US-East,Credit,False,
TX-800,CUST-1189,2024-05-03,1419.52,Savings,US-East,Credit,False,
TX-801,CUST-9168,2024-12-19,994.2,Savings,US-East,Credit,False,
TX-802,CUST-6873,2024-01-01,3511.25,Credit,US-East,Credit,False,
TX-803,CUST-3839,2023-09-02,3853.63,Credit,EU,Credit,False,
TX-804,CUST-2135,2023-08-02,3945.6,Savings,US-East,Debit,False,
TX-805,CUST-5102,2024-06-08,16910.29,Loan,US-East,Credit,False,
TX-806,CUST-5511,2024-12-13,1887.0,Loan,APAC,Credit,False,
TX-807,CUST-8975,2023-10-20,194.05,Loan,APAC,Debit,False,
TX-808,CUST-1526,2023-06-21,4216.29,Savings,EU,Credit,False,
TX-809,CUST-2654,2024-03-29,2054.22,Loan,US-East,Credit,False,
TX-810,CUST-9965,2023-03-24,1981.47,Credit,US-West,Debit,False,
TX-811,CUST-5635,2023-09-09,587.39,Savings,EU,Debit,False,
TX-812,CUST-5585,2024-04-08,304.93,Loan,US-West,Debit,False,
TX-813,CUST-7051,2024-01-20,4368.98,Credit,EU,Debit,False,
TX-814,CUST-9041,2023-03-16,595.65,Credit,US-West,Credit,False,
TX-815,CUST-2222,2023-06-20,290.71,Loan,APAC,Debit,False,
